code,title,author,category,publisher,quantity, coverImage
0hhhanna,FT1 - luyện cát thành vàng,Jonathan Yabut,Kỹ năng mềm,nxb hồng đức,2, https://cdn1.fahasa.com/media/catalog/product/i/m/image_182311.jpg
766fj2qz,FT1 - Bình tĩnh khi ế mạnh mẽ khi yêu,Ellen fein sherrie schneider,Tâm lý - Giáo dục,NXB phụ nữ,1
3n289w43,FT1 - Thế giới phẳng,Thomas L.friedman,Lịch sử - Địa lý,Nhà xuất bản trẻ,1
qzs42d8x,FT1 - Tuổi trẻ 4.0,rocky scopelliti,Kinh tế - Quản trị,nxb công thương,2
fc7y5esh,FT1 - Mở lối tiên phong,FPT,Other,NXB Thanh niên,11
9npvrw18,FT1 - do big things,angela v. paccione,Kỹ năng mềm,nxb lao động,1
nrlja2am,FT1 - Trở về không,Joe Vitale,Triết học - Tôn giáo - Tâm linh,NXB Thế Giới,1
zru8exqx,FT1 - Kỹ năng lập kế hoạch hiệu quả,shinamoto hidenori,Kỹ năng mềm,nxb thế giới,1
fjemktoa,FT1 - Tâm Tĩnh Lặng,Christoper K. Germer,Tâm lý - Giáo dục,NXB Hà Nội,1
sb8o6cnm,FT1 - search inside yourself,chade meng tan,Kinh tế - Quản trị,nxb lao động,2
sb8o6cnx,FT1 - 7 CÂU HỎI THẦN KỲ CỦA MỌI SẾP GIỎI,MICHAEL BUNGAY STANIER,Kỹ năng mềm,NXB THẾ GIỚI,2
ng3u8z59,FT1 - Bar blood máu bẩn,John Carreyrou,Kinh tế - Quản trị,Alphabooks,1
rqpjdqb3,FT1 - Đâu phải vì yêu,Debbie Macomber,Văn học - Tiểu thuyết,NXB Hội nhà văn,1
b9ki6wsv,FT1 - Mặc kệ thiên hạ Sống như người Nhật,Mari Tamagawa,Tâm lý - Giáo dục,Nhà xuất bản Hà Nội,1
bs9qqpu7,FT1 - Trăng Non,Stephenie Meyer,Văn học - Tiểu thuyết,NXB Trẻ,1
32o58f1n,FT1 - kỷ luật tích cực trong thực hành làm cha mẹ hàng ngày,joan e.durant,Kỹ năng mềm,nxb đồng nai,1
5tds9aao,FT1 - NÚI THIÊNG (LINH SƠN),CAO HÀNH KIỆN,Văn học - Tiểu thuyết,NXB VĂN HỌC,1
6ip6o8wv,FT1 - Nhật thực,Stephenie Meyer,Văn học - Tiểu thuyết,NXB Trẻ,1
5s2hi4yi,FT1 - Tản Văn,Giả Bình Ao,Văn học - Tiểu thuyết,NXB văn học,1
g82qrvnw,FT1 - Tôi không thích ồn ào,Ashley Davis Bush,Tâm lý - Giáo dục,NXB Hà Nội,1
enx5o8rg,FT1 - Kỹ năng quản lý cảm xúc,khánh ca,Kỹ năng mềm,nxb dân trí,1
07xxbyt6,FT1 - Cuộc đời thứ hai của Bree Tanner,Stephenie Meyer,Văn học - Tiểu thuyết,NXB Trẻ,1
6zy5syae,FT1 - Software Engineering,Sommerville,Khoa học tự nhiên - Kỹ thuật,Addison Wesley,17
hdgps95w,FT1 - 2030,mauro f. guillen,Kinh tế - Quản trị,nxb thế giới,1
t5vsw4w4,FT1 - 7AHA KHƠI SÁNG TINH THẦN & GIẢI TỎA STRESS,MIKE GEORGE,Tâm lý - Giáo dục,NXB TRẺ,1
zg4m39ma,FT1 - Bình pháp tôn tử,Tôn vũ,Kỹ năng mềm,NXB Văn Học,1
g5wx1mhy,FT1 - Tìm mình trong thế giới hậu tuổi thơ,Đặng Hoàng Giang,Pháp luật - Chính trị - Xã hội,NXB Hội Nhà Văn,1
zi31fjig,FT1 - Sự trỗi dậy và suy tàn của Đế chế thứ Ba - Lịch sử Đức Quốc Xã,William L.Shirer,Lịch sử - Địa lý,NXB thông tin và truyền thông,1
4rdx7x3n,FT1 - bạn là những gì bạn mong ước,jordanna levin,Tâm lý - Giáo dục,nxb thế giới,1
4rdx7x3b,FT1 - The Java tutorial continued the rest of the JDK,Mary compione kathy ưalrath alison huml and the tutorial team,Khoa học tự nhiên - Kỹ thuật,Addision wesley,1
w72vyfic,FT1 - Bí quyết của thành công,David Niven,Kỹ năng mềm,NXB trẻ,1
kp2r7big,FT1 - làm đĩ,vũ trọng phụng,Văn học - Tiểu thuyết,nxb văn học,1
r5pgispo,FT1 - PM chuyện tôi kể,Fsoft,Kinh tế - Quản trị,Fsoft,1
r5pgispj,FT1 - Đam mê bí quyết tạo thành công,Stephen R.Covey Jennifer Colosimo,Kỹ năng mềm,NXB trẻ,1
iiywivwd,FT1 - TRU TIÊN,TIÊU ĐỈNH,Văn học - Tiểu thuyết,NXB VĂN HÓA - THÔNG TIN,1
vl0ggjzb,FT1 - Dạy con làm giàu - tập x,rich dad’s,Kinh tế - Quản trị,nxb trẻ,1
20y97ou8,FT1 - Thần Thái Uy Nghi Dẫu Quỳ Vẫn Oai,Oopsy,Kỹ năng mềm,NXB Phụ Nữ,1
2komha1o,FT1 - Thái độ quyết định thành công,Wayne Cordeiro,Tâm lý - Giáo dục,NXB tổng hợp TP HCM,1
n9s9rjd9,FT1 - dạy con làm giàu - tập 9,Robert T.Kiyosaki,Kinh tế - Quản trị,nxb trẻ,1
f1i1bjmb,FT1 - Đùng lựa chọn an nhàn khi còn trẻ,Cảnh Thiên,Kỹ năng mềm,NXB Thế Giới,1
5i9z5ix7,FT1 - Nhà lãnh đạo kim cương - 7 bước xây dựng đội ngũ tài năng giúp doanh nghiệp tăng 300% lợi nhuận,Michelle Nguyen,Kỹ năng mềm,NXB thế giới,2
wuolsa4d,FT1 - Sherlock Holmes 1: Chiếc nhẫn tình cờ,Conan Doyle,Văn học - Tiểu thuyết,NXB Công An Nhân Dân,1
wuolsa4y,FT1 - Buổi sáng diệu kỳ,Hal Elrod Pat Petrini,Kỹ năng mềm,NXB Lao động,1
o6okajeb,FT1 - Bí quyết gây dựng cơ nghiệp bạc tỷ,Adam Khoo,Kỹ năng mềm,NXB phụ nữ,1
u2y28zy1,FT1 - Sherlock Holmes 2: Truy tìm dấu bộ tứ,Conan Doyle,Văn học - Tiểu thuyết,NXB Công An Nhân Dân,1
p9o34cb2,FT1 - Hoàng cục kinh thế,triệu khang tiết,Triết học - Tôn giáo - Tâm linh,nxb hông đức,1
u7jobtho,FT1 - một đời quản trị,phan văn trường,Kinh tế - Quản trị,nhà xuất bản trẻ,2
u7jobthn,FT1 - CHICKEN SOUP FOR THE TRAVELER'S SOUL: TRẢI NGHIỆM TỪ NHỮNG CHUYẾN ĐI,JACK CANFIELD MARK VICTOR HANSEN STEVE ZIKMAN,Kỹ năng mềm,NXB TRẺ,1
eyxm8z94,FT1 - Sherlock Holmes 3: Hồi ức về Sherlock Holmes,Conan Doyle,Văn học - Tiểu thuyết,NXB Công An Nhân Dân,1
txiwairr,FT1 - Lấy tình thâm mà đổi đầu bạc,Vãn Tình,Văn học - Tiểu thuyết,NXB Thế Giới,1
wnvv4f61,FT1 - từ tốt đến vĩ đại,jim collins,Kinh tế - Quản trị,nxb trẻ,3
vfisqkk9,FT1 - Sống theo phương thức 80/20,Richard Koch,Kinh tế - Quản trị,NXB trẻ,1
9kn8y0vl,FT1 - Nghĩ Như Một Tỷ Phú,Donald J.TrumP and Meredith Mc IVER,Kinh tế - Quản trị,NXB Trẻ,1
fz0pjcnl,FT1 - Du hành cùng Herodotus,Ryszard Kapuscinski,Hồi ký - Tiểu sử - Tự truyện,NXB Văn hóa Sài Gòn,1
9qhia59m,FT1 - 10 Câu nói Vạn năng,Rich Devos,Kỹ năng mềm,NXB Tổng hợp TP. Hồ Chí Minh,1
rfo8anwr,FT1 - tứ thứ,diêm liên khoa,Văn học - Tiểu thuyết,nxb hội nhà văn,1
bp1fru31,FT1 - Sherlock Holmes 3B: Những cuộc phiêu lưu của Sherlock Holmes,Conan Doyle,Văn học - Tiểu thuyết,NXB Công An Nhân Dân,1
qzd7fg48,FT1 - Thấu hiểu tiếp thị từ A-Z,Philip Kotler,Kinh tế - Quản trị,NXB Trẻ,1
ea3fl9hx,FT1 - Content Marketing trong kỷ nguyên 4.0,Alexander Jutkowitz,Kinh tế - Quản trị,NXB lao động,1
om6w8gk6,FT1 - Trà Hoa Nữ,Alexandre Dumas con,Văn học - Tiểu thuyết,NXB Văn Học,1
seq3g98w,FT1 - Nữ sinh,Nguyễn Nhật Ánh,Văn học - Tiểu thuyết,NXB Trẻ,1
0omc44ys,FT1 - Bí quyết thành công của steve jobs,Kim Thác Đao,Kinh tế - Quản trị,NXB Hồng Đức,1
sz2i9gih,FT1 - 7 thói quen của bạn trẻ thành đạt,sean covey,Kỹ năng mềm,nxb tổng hợp tphcm,1
hnwd185w,FT1 - TANGRAM AKUTELL,GOETHE-INSTITUT VIETNAM,Ngoại ngữ,GOETHE-INSTITUT VIETNAM,1
0o18o57k,FT1 - Những gì bạn biết về mình đều sai,Don Miguel Ruiz,Tâm lý - Giáo dục,NXB Hà Nội,1
tokkhuxf,FT1 - TOEFL iBT :internet Based Test with 2 Audio CDs,Pamela J.Sharpe,Ngoại ngữ,NXB Trẻ,1
89m4d1na,FT1 - Flat Eye,FPT Software,Khoa học tự nhiên - Kỹ thuật,NXB Lao Động Xã Hội,3
c6noks15,FT1 - Thuật thúc đẩy nhân viên,Brian Tracy,Kỹ năng mềm,NXB thế giới,1
mx6jo8ql,FT1 - Sherlock Holmes 3A: Những Cuộc Phiêu Lưu của Sherlock Holmes,Conan Doyle,Văn học - Tiểu thuyết,NXB Công An Nhân Dân,1
azfnj6qi,FT1 - động lực chèo lái hành vi,daniel h pink,Kỹ năng mềm,nxb lao động xã hội,2
unt6om1f,FT1 - Content hay nói thay nước bọt,MediaZ,Kỹ năng mềm,NXB thế giới,1
f26mjec8,FT1 - TOEFL WORD blash,Milada Broukal,Ngoại ngữ,NXB Trẻ,1
z6zotem1,FT1 - Sherlock Holmes Toàn tập,Sir Arthur Conan Doyle,Văn học - Tiểu thuyết,NXB Văn học,1
19v52kh3,FT1 - Sherlock Holmes 5B: Sherlock Holmes Trở Lại,Conan Doyle,Văn học - Tiểu thuyết,NXB Công An Nhân Dân,1
cy12f7gq,FT1 - Lãnh đạo bằng câu hỏi,Michael J.Marquardt,Kỹ năng mềm,NXB thế giới,1
oohz3hwr,FT1 - hành trình tới thành công,jonh c maxwell,Kỹ năng mềm,nxb lao động xã hội,1
psnsfay9,FT1 - Mê Cung Ảnh,Sergei Lukianenko,Văn học - Tiểu thuyết,NXB Lao động,1
79mmvtkq,FT1 - Tôi có một chén rượu có thể xoa dịu hồng trần,Quan Đông Dã Khách,Văn học - Tiểu thuyết,NXH Hồng Đức,1
qasscn91,FT1 - NTC's Preparation for the TOEFL,Milada Broukal,Ngoại ngữ,National Textbook Company,1
wa3bdiht,FT1 - phẩm chất vàng của nhà lãnh đạo 21,john c maxwell,Kỹ năng mềm,nxb lao động xã hội,1
f3xsfpko,FT1 - SECRETS OF POWER,RHONDA BYRNE,Kỹ năng mềm,SIMON & SCHUSTER,1
l1ht8b8k,FT1 - nguyên tắc vàng trong làm việc nhóm,john c maxwell,Kỹ năng mềm,nxb lao động xã hội,1
7tu5vei6,FT1 - Bí mật ở Cannes,Trung Nghĩa,Nghệ thuật - Giải trí,tủ sách Tuổi Trẻ,1
k1hp5ewj,FT1 - Cuốn theo chiều gió,Margaret Mitchell,Văn học - Tiểu thuyết,NXB Văn học,1
cokvss06,FT1 - làm chủ bộ não,david rock,Kỹ năng mềm,nxb lao động,1
nl2gns8l,FT1 - Bọ Cạp và câu chuyện tình yêu,Linda Goodman,Triết học - Tôn giáo - Tâm linh,NXB Lao Động,1
bob36g67,FT1 - TOEFL PRACTICE TESTS 2000,Bruce Rogers,Ngoại ngữ,PETERSON'S,1
gnq2asbg,FT1 - 10 điều khác biệt nhất giữa kẻ thắng và người thua,Keith Cameron Smith,Tâm lý - Giáo dục,NXB Dân Trí,1
iurh6cf3,FT1 - TOEFL PRACTICE TESTS 2002,Bruce Rogers,Ngoại ngữ,PETERSON'S,1
5aa998fr,FT1 - Cuốn Theo Chiều Gió 2,Margaret Mitchell,Văn học - Tiểu thuyết,NXB văn học,1
mlkir5ip,FT1 - Start up nation,dan senor và saul singer,Kinh tế - Quản trị,NXB thế giới,5
6zforblp,FT1 - Ỷ thiên đồ Long ký,Kim dung,Văn học - Tiểu thuyết,NXB Văn học,1
h4vao0a7,FT1 - Quà tặng tinh thần dành cho phụ nữ,Jack Canfield & Mark Victor Hansen,Tâm lý - Giáo dục,NXB Trẻ,1
nqfeljnl,FT1 - Sherlock Holmes 6: Con Chó Của Dòng Họ Baskerville,Conan Doyle,Văn học - Tiểu thuyết,NXB Công An Nhân Dân,1
62fowyl3,FT1 - trại trẻ đặc biệt của cô peregrine,ransom riggs,Văn học - Tiểu thuyết,nxb văn học,1
a09gbqe4,FT1 - Hạt giống tâm hồn và tình yêu thương gia đình,Nhiều tác giả,Tâm lý - Giáo dục,NXB Tổng Hợp Thành Phố Hồ Chí Minh,1
v0sidimn,FT1 - Sừng Rượu Thề,Nghiêm Đa Văn,Văn học - Tiểu thuyết,NXB Kim Đồng,1
z0edz5sm,FT1 - Khoảng cách từ nói đến làm,Jeffrey Pfeffer,Kinh tế - Quản trị,NXB Lao động - Xã hội,1
94zknlc3,FT1 - Kính Vạn Hoa - Tóc ngắn tóc dài,Nguyễn Nhật Ánh,Văn học - Tiểu thuyết,NXB Kim Đồng,1
ib7mms8k,FT1 - HOW TO PREPARE FOR THE TOEIC BRIDGE TEST,Lin Lougheed,Ngoại ngữ,NXB Trẻ,1
emual7f6,FT1 - túp lều bác Tom,Harriet beecher stowe,Văn học - Tiểu thuyết,nxb văn học,1
1vgkucgs,FT1 - Đời thay đổi khi ta thay đổi 1,Andrew Matthews,Tâm lý - Giáo dục,NXB Trẻ,1
5rhhsgd9,FT1 - Oxford Business English Dictionary for learners of English,Dilys Parkinson,Ngoại ngữ,Oxford University Press,2
hf1f3gtc,FT1 - báo ứng,philip roth,Văn học - Tiểu thuyết,nxb trẻ,1
gt8dpnv2,FT1 - Nếu biết trăm năm là hữu hạn,Phạm Lữ Ân,Văn học - Tiểu thuyết,NXB thế giới,1
6wv1b7oh,FT1 - SLEEPLESS NIGHTS AND KISSES FOR BREAKFAST: REFLECTIONS ON FATHERHOOD,MATTEO BUSSOLA,Hồi ký - Tiểu sử - Tự truyện,TARCHER PERIGEE,1
lf9061ap,FT1 - Trí tuệ do thái,Eran Katz,Kỹ năng mềm,Nxb Lao động - Xã hội,1
fsfrscto,FT1 - Đời thay đổi khi chúng ta thay đổi,andrew Matthews,Tâm lý - Giáo dục,NXB trẻ,1
olfo4289,FT1 - Kính Vạn Hoa - Má lúm đồng tiền,Nguyễn Nhật Ánh,Văn học - Tiểu thuyết,NXB Kim Đồng,1
iu0h9ebl,FT1 - Sherlock Holmes 7: Thung Lũng Khủng Khiếp,Conan Doyle,Văn học - Tiểu thuyết,NXB Công An Nhân Dân,1
1o7whij3,FT1 - Ngôi trường mọi khi,Nguyễn Nhật Ánh,Văn học - Tiểu thuyết,NXB Trẻ,1
3trv9bv4,FT1 - 15 năm FPT TPHCM,FPT,Other,FPT,2
nzdt9vss,FT1 - Jeff bezos và kỷ nguyên amazon,Brad stone,Kinh tế - Quản trị,Nxb lao động,1
nzdt9vsz,FT1 - Quên hôm qua sống cho ngày mai,Tian Dayton Ph.D,Tâm lý - Giáo dục,NXB tổng hợp TP HCM,1
89f2ut53,FT1 - Cô gái đến từ hôm qua,Nguyễn Nhật Ánh,Văn học - Tiểu thuyết,NXB Trẻ,1
z1p4fjsn,FT1 - thông điệp của nước,masaru emoto,Triết học - Tôn giáo - Tâm linh,nxb lao động,1
xe8pyj17,FT1 - Lịch sử thế giới,Nguyễn Hiến Lê- Thiên Giang,Lịch sử - Địa lý,NXB Văn Hóa,1
lb8iwb1l,FT1 - The Prince (Quân Vương),Niccolo Machiavelli,Văn học - Tiểu thuyết,NXB Dân trí,1
6f97z1hg,FT1 - CON NGỰA THÀNH TROY: CUỘC PHIÊU LƯU VĨ ĐẠI NHẤT THẾ GIỚI,DAVID CLEMENT-DAVIES,Lịch sử - Địa lý,NXB GIÁO DỤC; NXB THẾ GIỚI,1
h3ahbt7s,FT1 - Sherlock Holmes 8: Cung Đàn Sau Cuối,Conan Doyle,Văn học - Tiểu thuyết,NXB Công An Nhân Dân,1
gfurz9py,FT1 - totto- chan bên cửa sổ,kuroyanagi tetsuko,Văn học - Tiểu thuyết,nxb hội nhà văn,1
gc6vyvd3,FT1 - Sống thực tế giữa đời thực dụng,Mễ Mông,Tâm lý - Giáo dục,NXB Dân Trí,1
4ua63llv,FT1 - Giải Pháp Đột Phá,JAY ABRAHAM,Kinh tế - Quản trị,NXB Phụ Nữ,1
h2aexfh3,FT1 - Bầu trời không chỉ có màu xanh,Lí Quý Trung,Kinh tế - Quản trị,NXB Trẻ,1
w5w11ybi,FT1 - Business English & Communication Skills,MDIS,Học liệu,MDIS,1
o8c1f5vg,FT1 - săn mộ thông thiên la thành,hoàng yến,Văn học - Tiểu thuyết,nxb văn học,1
p22lw7kz,FT1 - Sống hạnh phúc,Andrew Matthews,Tâm lý - Giáo dục,NXB Đà Nẵng,1
740ejw0j,FT1 - Thai Giáo,Phạm Thị Thúy,Y học - Sức khỏe - Thể thao,NXB Phụ nữ,1
e4wgoand,FT1 - Sherlock Holmes 9: Tàng Thư của Sherlock Holmes,Conan Doyle,Văn học - Tiểu thuyết,NXB Công An Nhân Dân,1
gi7pidrm,FT1 - ZEPPELIN: THỜI ĐẠI CỦA KHÍ CẦU,ANDREW DONKIN,Lịch sử - Địa lý,NXB GIÁO DỤC; NXB THẾ GIỚI,1
lznuc39y,FT1 - ung thư,Ty bollinger,Y học - Sức khỏe - Thể thao,nxb thế giới,1
xaoc3gpo,FT1 - Kế Bạn,Andrew Matthews,Tâm lý - Giáo dục,NXB Đà Nẵng,1
nye4ufbt,FT1 - 90 ngày đầu tiên làm sếp,Michael Watkins,Kinh tế - Quản trị,NXB lao động - xã hội,2
g37r67fg,FT1 - Đường Xưa Mây Trắng,Thích Nhất Hạnh,Triết học - Tôn giáo - Tâm linh,NXB Phương Đông,2
fb6tfu2w,FT1 - Xuất Khẩu Cười,Lê Hoàng,Văn học - Tiểu thuyết,NXB Thanh Niên,1
miyepw2q,FT1 - Lần đầu làm sếp,Loren B.Belker & Gary S.Topchik,Kinh tế - Quản trị,NXB Lao động xã hội,1
1lczsdpc,FT1 - Hayx theo trái tim của bạn,Andrew Matthews,Tâm lý - Giáo dục,NXB Đà Nẵng,1
filzy6ri,FT1 - SOUND ADVICE: A BASIS FOR LEARNING,STACY A.HAGEN,Ngoại ngữ,NXB TPHCM,1
3gq9b8ef,FT1 - những mẫu chuyển lịch sử văn minh thế giới,đặng đức an,Tâm lý - Giáo dục,nxb giáo dục,1
h2h2qatn,FT1 - Tuyển tập chúng ta 10 năm,FPT Software,Other,FPT Software,2
n86l8hi1,FT1 - Kim cương trong mỏ vàng - Go for Gold,John C.Maxwell,Kinh tế - Quản trị,NXB lao động - xã hội,1
hiyxkjr4,FT1 - Cảm nhận thế nào đời cho thế đó,Andrew Matthews,Tâm lý - Giáo dục,NXB Trẻ,1
edzzgai2,FT1 - Không Ai Qua Sông,Nguyễn Ngọc Tư,Văn học - Tiểu thuyết,NXB Trẻ,1
spbhnkc0,FT1 - Bắt trẻ đồng xanh,J.D.Salinger,Văn học - Tiểu thuyết,NXB Văn Học,1
45r1rwku,FT1 - Phép màu điện ảnh,Anne Cottringer,Nghệ thuật - Giải trí,NXB Thế giới,1
byo85fhf,FT1 - Người Nam Châm,Jack Canfield và D.D. Watkins,Tâm lý - Giáo dục,NXB Lao động Xã hội,1
unvs5qs3,FT1 - Gián điệp mạng. Cuộc rượt đuổi ngoạn mục trong mê lộ máy tính,Clifford Stoll,Khoa học tự nhiên - Kỹ thuật,NXB Công Thương,1
ls2tizh6,FT1 - thánh địa mỹ sớn,ngô văn doanh,Lịch sử - Địa lý,nxb trẻ,1
hu6zk72l,FT1 - Sương khói quê nhà,Nguyễn Nhật Ánh,Văn học - Tiểu thuyết,NXB trẻ,1
gxmqk3oj,FT1 - Vị đắng những chuyến đi xa,Trần Ngọc Châu,Hồi ký - Tiểu sử - Tự truyện,NXB Trẻ,1
1w1gjg6b,FT1 - Personal Finance for Dummies,Eric Tyson,Kinh tế - Quản trị,WILEY,1
lsu4bt9n,FT1 - Liêu trai chí dị,Bồ Tùng linh,Văn học - Tiểu thuyết,NXB Văn học,1
lsu4bt9m,FT1 - Bánh Mì Thơm Cà Phê Đắng,Ngô Thị Giáng Uyên,Nghệ thuật - Giải trí,NXB Trẻ,1
vs9zolzj,FT1 - NHÀ TỰ NHIÊN KINH TẾ: TẠI SAO KINH TẾ HỌC CÓ THỂ LÝ GIẢI MỘT ĐIỀU,ROBERT H.FRANK,Kinh tế - Quản trị,NXB TRẺ,1
ys7iyd4b,FT1 - Giáo trình lý thuyết và bài tập Java,Trần Tiến Dũng,Khoa học tự nhiên - Kỹ thuật,NXB Lao Động Xã Hội,1
28mgefga,FT1 - Junie B. Jones và Chiếc xe buýt bốc mùi ngớ ngẩn,Barbara Park,Văn học - Tiểu thuyết,NXB Hội nhà văn,1
pa8c1x4o,FT1 - Cú hích - Nudge,Richard H.Thaler & Cass R. Sunstein,Kinh tế - Quản trị,NXB tổng hợp thành phố Hồ Chí Minh,1
i2n8nf9u,FT1 - bí ẩn về chọn ngày,vương ngọc đức,Triết học - Tôn giáo - Tâm linh,nxb hà nội,1
synbhro8,FT1 - Kỷ yếu ngày nhân sự Việt Nam 2011,Pga.ts Lê quân và cộng sự,Kinh tế - Quản trị,Nxb thông tin và truyền thông,1
62zyxbvx,FT1 - Đảo Mộng Mơ,Nguyễn Nhật Ánh,Văn học - Tiểu thuyết,NXB Trẻ,1
zvyu4iow,FT1 - Đối thoại với các nền văn hóa Syria,Trịnh Huy Hóa,Văn học - Tiểu thuyết,NXB Trẻ,1
zvyu4ion,FT1 - Chia sẻ tâm hồn và quà tặng cuộc sống,Jack Canfield Mark Victor Hansen,Tâm lý - Giáo dục,NXB Tổng hợp TP HCM,1
zvyu4iom,FT1 - Lập trình thiết kế web trong ASP .NET với các ví dụ C#,Nguyễn Ngọc Tuấn Hồng Phúc,Khoa học tự nhiên - Kỹ thuật,NXB Thống Kê,1
hp1u1opq,FT1 - THE 7 HABITS HIGHLY EFFECTIVE TEENS,SEAN COVEY,Kỹ năng mềm,TOUCHSTONE,1
2qs2zmls,FT1 - the fine art of the big talk,Debra Fine,Kinh tế - Quản trị,NXB lao động,1
84w7si4f,FT1 - Quán Gò Đi Lên,Nguyễn Nhật Ánh,Văn học - Tiểu thuyết,NXB Trẻ,1
6qi2oxys,FT1 - Đối thoại với các nền văn hóa Brazil,Trịnh Huy Hóa,Văn học - Tiểu thuyết,NXB Trẻ,1
at6dpibp,FT1 - Love or Money?,ROWENA AKINYEMI,Văn học - Tiểu thuyết,NXB Đồng Nai,1
1mlfp7w6,FT1 - Tôi nghĩ tôi thích nước Mỹ,Dương Thụy,Văn học - Tiểu thuyết,NXB Trẻ,1
n94y1mjo,FT1 - phong thuỷ huyền không phi tinh,elizabeth moran,Triết học - Tôn giáo - Tâm linh,nxb lao động xã hội,1
00hpm4b3,FT1 - Đối thoại với các nền văn hóa Cameroon,Trịnh Huy Hóa,Văn học - Tiểu thuyết,NXB Trẻ,1
358ygu4i,FT1 - Ai lấy miếng pho mát của tôi,Spencer Johnson,Tâm lý - Giáo dục,NXB Tổng hợp TP HCM,1
e006zxcu,FT1 - Lối sống tối giản của người Nhật,Sasaki Fumio,Kỹ năng mềm,NXB lao động,1
qmt3uf87,FT1 - Đối thoại với các nền văn hóa Afghanistan,Trịnh Huy Hóa,Văn học - Tiểu thuyết,NXB Trẻ,1
rt00ydl8,FT1 - Bí mật của nước,howard murad,Y học - Sức khỏe - Thể thao,nxb lao động,2
z192oiou,FT1 - Java concurrency in practice,Brian Goetz,Khoa học tự nhiên - Kỹ thuật,Addison Wesley,1
axdvtuyy,FT1 - Mùa hè năm Petrus,Lê Văn Nghĩa,Văn học - Tiểu thuyết,NXB Trẻ,1
e1fa93j4,FT1 - Đối thoại với các nền văn hóa Myanmar,Trịnh Huy Hóa,Văn học - Tiểu thuyết,NXB Trẻ,1
5ei2r9br,FT1 - Fundamentals of marketing,MDIS,Học liệu,MDIS,1
07v8652z,FT1 - Tập Viết Chữ Hoa,Đỗ Chiêu Đức,Ngoại ngữ,NXB Trẻ,1
82epnkq8,FT1 - Đối thoại với các nền văn hóa Yemen,Trịnh Huy Hoá,Văn học - Tiểu thuyết,NXB Trẻ,1
3yyq2a6k,FT1 - Azit Nexin: Tuyển Chọn Truyện Ngắn,Nhiều tác giả (Nam Hà tuyển chọn),Văn học - Tiểu thuyết,NXB Lao Động,1
iohkjhyw,FT1 - Đồ Tể,Nguyễn Trí,Văn học - Tiểu thuyết,NXB Trẻ,1
9l88v0tw,FT1 - Dám thất bại,Billi P.S.Lim,Tâm lý - Giáo dục,NXB Trẻ,1
jtentnbl,FT1 - Đối thoại với các nền văn hóa Pakistan,Trịnh Huy Hóa,Văn học - Tiểu thuyết,NXB Trẻ,1
rfunbj2a,FT1 - Management of human resouce & the practice of management,MDIS,Học liệu,MDIS,1
8bm9c3yw,FT1 - Đối thoại với các nền văn hóa Lebanon,Trịnh Huy Hóa,Văn học - Tiểu thuyết,NXB Trẻ,1
22requ83,FT1 - Xin chào ấn độ,hồ anh thái,Lịch sử - Địa lý,nxb văn nghệ,1
efrtq1r2,FT1 - Long Hot Summer,K.S.Rodriguez,Văn học - Tiểu thuyết,NXB Đồng Nai,1
5uo20wx0,FT1 - 60h trị mất gốc tiếng anh,Pasal,Ngoại ngữ,Nxb hồng đức,1
7wj8qlbr,FT1 - Tâm huyết trao đời,Nguyễn Ngọc Ký,Hồi ký - Tiểu sử - Tự truyện,NXB Tổng hợp TP.HCM,1
lmlqzjle,FT1 - Chuyện phần mềm 2.0,FPT Software,Other,NXB Lao Động Xã Hội,1
l6i978gl,FT1 - Điều Bí Mật Khủng Khiếp,Stefan Zweig,Văn học - Tiểu thuyết,NXB Hội Nhà Văn,1
snzsghff,FT1 - LEARN & PRACTICE VIETNAMESE,LÊ KHÁNH VY,Ngoại ngữ,NXB TỔNG HỢP TPHCM,1
x910pen9,FT1 - Bài học diệu kì từ chiếc xe rác,David J. Pollay,Tâm lý - Giáo dục,NXB Tổng hợp TPHCM,1
5hmngj8z,FT1 - Người Đan Chữ Xếp Thuyền,Miura Shion,Văn học - Tiểu thuyết,NXB Thế Giowia,1
5hmngj8m,FT1 - Điểm Mù (Blind Spots),Max H. Bazerman Ann E. Tenbrunsel,Kinh tế - Quản trị,NXB Thanh Niên,1
el9yzkdp,FT1 - Tự đào giếng trước khi chết khát,Harvey mackay,Kinh tế - Quản trị,Nxb đại học kinh tế quốc dân,1
ddu5m656,FT1 - Cambridge Ielts 2 with answer ediion,University of Cambridge local examinations syndicate,Ngoại ngữ,NXB thống kê,1
b4kj1m4u,FT1 - Nhân tố Enzyme - Trẻ hoá,Hiromi Shinya,Y học - Sức khỏe - Thể thao,NXB Thế Giới,1
yyf8qjro,FT1 - Cho tôi xin một vé đi tuổi thơ,Nguyễn Nhật Ánh,Văn học - Tiểu thuyết,NXB Trẻ,1
yyf8qjrk,FT1 - DEVELOPING SKILLS FOR THE TOEIC TEST,PAUL EDMUNDS ANNE TAYLOR,Ngoại ngữ,FIRST NEWS,1
550m4ocw,FT1 - Người thông minh giải quyết vấn đề như thế nào,Ken Watanabe,Kỹ năng mềm,NXB trẻ,1
bli5z87k,FT1 - Tiếng ve mùa hạ cũ,Từ Kế Tường,Văn học - Tiểu thuyết,NXB Mỹ Thuật,1
cgvvm5xg,FT1 - chuyện phiêu lưu của mít đặc và các bạn,ni cô lai nô xốp,Văn học - Tiểu thuyết,nxb đông á,1
sgtyilni,FT1 - Thắp Lửa Tâm Linh,Minh Đức Triều Tâm Ảnh,Triết học - Tôn giáo - Tâm linh,NXB Thời Đại,1
kk21m8c8,FT1 - Tất cả đều là chuyện nhỏ,Richard Carlson,Tâm lý - Giáo dục,NXB Tổng hợp TPHCM,1
ohovuhbk,FT1 - Cambridge Ielts 3 with answers edition,University of Cambridge Local Examinations syndicate,Ngoại ngữ,NXB thống kê,1
v4tyxa8h,FT1 - Làm sao biết mưa về,Từ Kế Tường,Văn học - Tiểu thuyết,NXB Mỹ Thuật,1
279rzb01,FT1 - Khi hơi thở hoá thinh không,paul kalanithi,Y học - Sức khỏe - Thể thao,nxb lao động,1
lo9lxz2n,FT1 - 10 điều tạo nên số phận,David Simon,Tâm lý - Giáo dục,NXB Tổng hợp TPHCM,1
g7dacava,FT1 - Người Đàn Ông Mang Tên Ove,Fredrik Backman,Văn học - Tiểu thuyết,NXB Trẻ,1
t8qhifa7,FT1 - Mùa thu bay mưa,Từ Kế Tường,Văn học - Tiểu thuyết,NXB Mỹ Thuật,1
msets4gj,FT1 - Time Tested. Tesing Improved,RBCS,Khoa học tự nhiên - Kỹ thuật,RBCS,2
ae3b4wkr,FT1 - Cambridge ielts 4 with answer edition,University of Cambridge Local Examinations syndicate,Ngoại ngữ,NXB thống kê,1
h14p828t,FT1 - Thời đại ý tưởng và thành công,Nguyễn Thành Sinh,Lịch sử - Địa lý,NXB Tổng hợp TP. Hồ Chí Minh,1
ze1blyz9,FT1 - khi hơi thoẻ hoá tinh không,paul kalanithi,Y học - Sức khỏe - Thể thao,nxb lao động,1
jy1at368,FT1 - Dặm Dài Đã Qua (A long way gone: Memoirs of a boy soldier),Ishmael Beah,Hồi ký - Tiểu sử - Tự truyện,NXB Văn hóa - Thông tin,1
gszdewo2,FT1 - Công dân toàn cầu - Công dân vũ trụ,Phan Văn Trường,Tâm lý - Giáo dục,NXB Trẻ,1
bga01077,FT1 - NEW INSIDE OUT,SUE KAY & VAUGHAN JONES,Ngoại ngữ,MACMILLAN,1
cxr3kmy1,FT1 - Cambridge ielts 5 with answer edition,University of Cambridge Local Examinations syndicate,Ngoại ngữ,NXB thống kê,1
v8wstv3f,FT1 - Người dám cho đi,Bor burg & john david mann,Kinh tế - Quản trị,Nxb trẻ,1
34wn5f04,FT1 - Miền Thơ Ấu,Vũ Thu Hiền,Văn học - Tiểu thuyết,NXB Đà Nẵng,1
j86b01yg,FT1 - Thư của bà vợ gửi cho bồ nhí,Lê Hoàng,Văn học - Tiểu thuyết,NXB Trẻ,2
vz99cjha,FT1 - The adventure of Tom Sawyer,Mark Twain,Văn học - Tiểu thuyết,NXB Đồng Nai,1
5jzadob8,FT1 - Kịch Bản Sân Khấu,Nguyễn Thanh Hùng,Văn học - Tiểu thuyết,Trung Tâm Văn hóa Thành phố Hồ Chí Minh,1
5jzadobz,FT1 - Tin tôi đi tôi đang nói dối đấy!,Ryan Holiday,Kinh tế - Quản trị,NXB thế giới,1
frov7xyq,FT1 - ENGLISH GRAMMAR IN USE,RAYMOND MURPHY,Ngoại ngữ,CAMBRIDGE,1
5qwv40m6,FT1 - trai nước nam làm gì,hoàng đạo thuý,Văn học - Tiểu thuyết,nxb hà nội,1
ta43edfz,FT1 - Phong cách bán hàng zig ziglar,Zig ziglar,Kinh tế - Quản trị,Nxb lao động - xã hội,1
da6pfd8e,FT1 - Thằng quỷ nhỏ,Nguyễn Nhật Ánh,Văn học - Tiểu thuyết,NXB Trẻ,1
hfpvtnob,FT1 - Chúng ta từ số 289 đến số 335,FPT,Other,FPT,2
s5ocxkjo,FT1 - Đàm thoại tiếng Nhật,Midori Iwasawa,Ngoại ngữ,NXB ĐH Sư phạm TpHCM,1
h5hn7vw3,FT1 - LES MISERABLES: NHỮNG NGƯỜI KHỐN KHỔ,VICTOR HUGO,Ngoại ngữ,NXB TỔNG HỢP TPHCM,1
e6e2ia4p,FT1 - Sử ký 20 năm,FPT,Other,FPT,1
borge5o1,FT1 - thư viện linh hồn - tập 3 của trại trẻ đặc biêt của cô peregrine,ransom riggs,Văn học - Tiểu thuyết,nxb văn học,1
r3krwtht,FT1 - Cuộc sống tươi đẹp,Michael Heppell,Tâm lý - Giáo dục,NXB Lao động - Xã hội,1
74j0o1s6,FT1 - Tiếng nhật cho mọi người,3A Network,Ngoại ngữ,NXB trẻ,1
609ly5ch,FT1 - Trên Con Đường Tơ Lụa Nam Á,Nguyễn Chí Linh,Hồi ký - Tiểu sử - Tự truyện,NXB Thế Giới,1
30on4oga,FT1 - Chiến lược đại dương xanh,W.chan kim - renee mauborge,Kinh tế - Quản trị,Nxb lao động,1
zgmfi9b2,FT1 - đồi gió hú,emily bronte,Văn học - Tiểu thuyết,nxb văn học,1
xh3o29qw,FT1 - Khách sạn Hoa Hồng,Nguyễn Nhật Ánh,Văn học - Tiểu thuyết,NXB Kim Đồng,1
prrpmty2,FT1 - không gục ngã,nguyễn bích lan,Hồi ký - Tiểu sử - Tự truyện,nxb hội nhà văn,1
sqp4igz6,FT1 - khác biệt để bứt phá,Jason Fried & David Heinemeier Hansson,Kỹ năng mềm,NXB Tổng hợp Thành phố Hồ Chí Minh,5
3frimb0o,FT1 - SỨC MẠNH CỦA THÓI QUEN,CHARLES DUHIGG,Kỹ năng mềm,NXB LAO ĐỘNG - XÃ HỘI; ALPHABOOKS,3
dcxya9bj,FT1 - Chuyện tào lao [Về kẻ quấy rối và chồng cô ta],Nguyễn Ngọc Thuận,Văn học - Tiểu thuyết,NXB Trẻ,1
ixvgrmge,FT1 - Nhân văn và kinh tế tình và tiền trong quản trị kinh doanh,Tôn thất nguyễn thiêm,Kinh tế - Quản trị,Nxb trẻ,1
i67pr3cc,FT1 - The Godfather,Mario Puzo,Văn học - Tiểu thuyết,NXB Đông Á,1
b0xrqldl,FT1 - Điểm Dối Lừa (Deception Point),Dan Brown,Văn học - Tiểu thuyết,NXB Văn hóa - Thông tin,1
qdtczddc,FT1 - thư của trứng cà gửi chứng khoán,lê hoàng,Other,nxb trẻ,2
er9o3qw6,FT1 - Chúa Biết Sự Thật Nhưng Chẳng Nói Ngay,Lev Tolsoy,Văn học - Tiểu thuyết,NXB Văn Học,1
vjlc9xnq,FT1 - Intermediate composition practice,Linda Lonon Blanton,Ngoại ngữ,NXB Thành phố Hồ Chí Minh,1
q7vyrr8s,FT1 - Chuyện phần mềm 2.0 tập 1,FPT Software,Other,FPT Software,8
hysq3qup,FT1 - Bí mật của may mắn,Alex Rovira,Kỹ năng mềm,NXB tổng hợp thành phố Hồ Chí Minh,1
cj9ho4ck,FT1 - Nghệ thuật tinh tế của việc đếch quan tâm,Mark Manson,Kỹ năng mềm,NXB Văn học,1
220gjimg,FT1 - Tâm lý khách hàng và nghệ thuật phục vụ 5 sao,Bùi xuân phong,Kinh tế - Quản trị,Nhà xuất bản lao động,1
q4jn75at,FT1 - Hừng Đông,Stephenie Meyer,Văn học - Tiểu thuyết,NXB Trẻ,1
hltbqhpo,FT1 - Tạo Đựng Sự Khác Biệt,John C. Maxwell,Kỹ năng mềm,NXB Lao Động,1
zohhrgau,FT1 - lá nằm tròn lá,nguyễn nhật ánh,Văn học - Tiểu thuyết,nxb trẻ,1
uzohzr40,FT1 - Trong chớp mắt - Blink,Malcolm Gladwell,Tâm lý - Giáo dục,NXB Thế giới,1
egclmgcs,FT1 - Mục đích cao hơn tất cả,Nguyễn Đức Thuận,Tâm lý - Giáo dục,NXB thanh niên,1
37byx96q,FT1 - Ted talks,Chris anderson,Kỹ năng mềm,Nxb thế giới,1
9a4r6fnx,FT1 - cuộc chiến vì sức khoẻ,biswasroop roy chowdhury,Y học - Sức khỏe - Thể thao,nxb thông tấn,3
mc3v85vt,FT1 - Tư Duy Tích Cực Tạo Thành Công,W. Clement Stone,Kỹ năng mềm,NXB Tổng hợp Thành phố Hồ Chí Minh,1
c7d94ge3,FT1 - Sức mạnh của sự tử tế,Linda Kaplan Thaler & Ronbin Koval,Kinh tế - Quản trị,NXB thế giới,1
fg00veou,FT1 - Phụ nữ lãnh đạo bằng yêu thương,David Devin,Tâm lý - Giáo dục,NXB Phụ nữ,1
8uel564v,FT1 - How to write like Tolstoy,Richard Cohen,Hồi ký - Tiểu sử - Tự truyện,NXB OneWorld,1
ot3679g1,FT1 - Chuyện Ngài Hộ Nhãn (Cakkhupalathera),Phra Mahapranom Dhammalankaro,Triết học - Tôn giáo - Tâm linh,NXB Thuận Hóa,1
ov27bfle,FT1 - KANJI DICTIONARY,Japan Kanji Aptitude Testing Foundation,Ngoại ngữ,Japan Kanji Aptitude Testing Foundation,1
ohkdueh9,FT1 - 20 giờ đầu tiên,Josh Kaufman,Tâm lý - Giáo dục,NXB lao động - xã hội,1
3fskndi1,FT1 - Talk like ted,Carmine gallo,Kỹ năng mềm,Nxb phụ nữ,1
kacn8gb0,FT1 - Mỗi ngày tiết kiệm một giờ,Michael Heppell,Tâm lý - Giáo dục,NXB Trẻ,3
13uy9cym,FT1 - Lời nói dối vĩ đại của não,Kelly Mcgonigal,Tâm lý - Giáo dục,NXB lao động,1
5y6qs6b7,FT1 - Hoàn thành mọi việc không hề khó,David Allen,Tâm lý - Giáo dục,NXB Lao Động,2
fuuhtzim,FT1 - The promise,R.L.Scott-Buccleuch,Văn học - Tiểu thuyết,NXB Đồng Nai,1
m9u1zov7,FT1 - Khi hơi thở hóa thinh không,Paul Kalanithi,Hồi ký - Tiểu sử - Tự truyện,NXB Lao động,1
430iabig,FT1 - 365 chuyện kể đi ngủ,ngọc linh,Other,nxb thế giới,1
5w2f4gi1,FT1 - Điệp viên của Chúa,Juan Gomez-Jurado,Văn học - Tiểu thuyết,NXB Văn hóa - Thông tin,1
9i2cme5a,FT1 - Những bí quyết làm giàu nổi tiếng,Auger. Mandeno,Kinh tế - Quản trị,NXB Lao Động,1
kaa1eh61,FT1 - hỏi bác sĩ nhi đồng,trương hữu khanh,Y học - Sức khỏe - Thể thao,nxb thế giới,1
vrqmmewe,FT1 - Nghệ thuật giao tiếp thông minh,Vietbook,Kỹ năng mềm,Nxb văn hoá thông tin,1
tgfwpviq,FT1 - Social Behavioral Science,MDIS,Học liệu,MDIS,1
h8miuj0w,FT1 - Nhật ký bí mật của Chúa,Raymond Khoury,Văn học - Tiểu thuyết,NXB Văn hóa Sài Gòn,1
3olx69co,FT1 - cách nuôi dạy một đứa trẻ,nobuyoshi hirai,Tâm lý - Giáo dục,nxb lao động,1
wpuio9be,FT1 - Người thành công có 1% cách nghĩ khác bạn,Chu Châu Bân,Tâm lý - Giáo dục,NXB Văn hoá Thông tin,1
dp7zbd7w,FT1 - Phi lý một cách Hợp lý,Dan Ariely,Kỹ năng mềm,NXB Thế giới,1
0w3fs9i3,FT1 - NHÀ ĐÀO TẠO SÀNH SỎI,ĐỖ HUÂN,Kinh tế - Quản trị,NXB LAO ĐỘNG,2
rbhqvq2a,FT1 - Now Discover Your strengths,Marcus Buckingham,Tâm lý - Giáo dục,NXB The international Bestseller,1
vyfq06qs,FT1 - Principles of business management I,MDIS,Học liệu,MDIS,1
4icr1558,FT1 - 101 điều sai lầm giữa cha mẹ và con,phan thanh anh,Kỹ năng mềm,nxb hà nội,1
pqvkuoxo,FT1 - HARVARD BỐN RƯỠI SÁNG,Xiu-Ying Wei,Kỹ năng mềm,NXB Thế giới,1
70pvbd49,FT1 - Can đảm Cãi sếp,Ira Chaleff,Kỹ năng mềm,NXB Lao Động,1
j1v3bsun,FT1 - FSoft Chân Kinh,FSoft,Other,FSoft,2
abn2i3xv,FT1 - Organisational Behavior,MDIS,Học liệu,MDIS,2
7pekcmr5,FT1 - Hoàng tử bé,Antoine De Saint-Exupéry,Văn học - Tiểu thuyết,NXB Văn học,3
ilox6r66,FT1 - Manager Nhất Dương Chỉ,FSoft,Other,FSoft,1
y5inkgfu,FT1 - Bình Yên Đất Trời,Trương Quý Hải,Nghệ thuật - Giải trí,NXB Âm Nhạc,1
zk5vjqly,FT1 - Applied Marketing Psychology,MDIS,Học liệu,MDIS,1
8zmvtcxt,FT1 - Cáo Già Gái Già và Tiểu Thuyết Diễm Tình,Dương Thụy,Văn học - Tiểu thuyết,NXB Trẻ,1
b0mdz2io,FT1 - Personality and Abnormal Psychology,MDIS,Học liệu,MDIS,1
0ndcyfdp,FT1 - Vượt ao tù ra biển lớn,Stuart Avery Gold,Tâm lý - Giáo dục,NXB Tổng hợp TPHCM,1
0ndcyfdv,FT1 - KHÔNG PHẢI THIẾU MAY MẮN CHỈ LÀ CHƯA CỐ GẮNG,LAM NGUYỆT,Kỹ năng mềm,NXB THANH NIÊN,1
txf2xo46,FT1 - Người Tình Sài Gòn,Linh Lê,Văn học - Tiểu thuyết,NXB Hội Nhà Văn,1
kn2ogycl,FT1 - 36 kế ứng dụng trong kinh doanh và cuộc sống,Ngọc bích,Kinh tế - Quản trị,Nxb lao động,1
6juz9mod,FT1 - Principles of business management II,MDIS,Học liệu,MDIS,1
fz6a2v2v,FT1 - Cà phê cùng Tony,Tony Buổi Sáng,Tâm lý - Giáo dục,NXB Trẻ,1
r8g5emat,FT1 - Chuyện phần mềm 2.0 tập 2,FPT Software,Other,NXB Lao Động Xã Hội,1
83ck15ia,FT1 - Moon Palace,Paul Auster,Văn học - Tiểu thuyết,NXB A Penguin Book,1
p11wdt1l,FT1 - giàu có hạnh phúc kh chỉ qua trường học,roberrt t.kiyosaki,Tâm lý - Giáo dục,nxb trẻ,1
hqek1d9z,FT1 - Applied business psychology,MDIS,Học liệu,MDIS,1
13qktri5,FT1 - Cuộc Đời Yêu Dấu,Alice Munro,Văn học - Tiểu thuyết,NXB Trẻ,1
epfscwye,FT1 - Tự Yêu,Du Phong,Văn học - Tiểu thuyết,NXB Văn Học,1
kk06ygl4,FT1 - Organisational Psychology and Group Dynamics,MDIS,Học liệu,MDIS,1
nqeng1my,FT1 - Từ tơ lụa đến Silicon,Jeffrey E. Garten,Kinh tế - Quản trị,NBX Trẻ,2
hqvukis1,FT1 - Psychology of the individual,MDIS,Học liệu,MDIS,1
FT1i7jmt,FT1 - Từ điển tiếng Em,Khotudien,Other,NXB Phụ nữ VN,1
nds9yinh,FT1 - 10 vạn câu hỏi vì sao,tôn nguyên vĩ,Other,nxb thời đại,1
zzptzb00,FT1 - Nhà Giả Kim,Paulo Coelho,Văn học - Tiểu thuyết,NXB văn học,1
gsrik74h,FT1 - Vượt Qua Tất Cả - Nghệ thuật sống của người Phần Lan,Joanna Nylund,Tâm lý - Giáo dục,NXB Tổng hợp TPHCM,1
lcg1joha,FT1 - Niên giám công nghệ thông tin Việt Nam 2003,Hội tin học TPHCM. Tạp chí thế giới vi tính,Khoa học tự nhiên - Kỹ thuật,NXP Tổng Hợp Thành Phố Hồ Chí Minh,1
8v86l7d7,FT1 - Phản hồi hiệu quả trong 20p,Harvard bussiness review press,Kinh tế - Quản trị,Nxb thế giới,1
spxqq7hb,FT1 - Luật bất thành văn trong kinh doanh,W.J.King,Kinh tế - Quản trị,NXB Tri Thức,1
8dezpxci,FT1 - Vui học tiếng anh,thanh châu,Ngoại ngữ,nxb thanh niên,1
wa92rmmw,FT1 - LES ILES GRECQUES,E. Karpodini-Dimitriadi,Lịch sử - Địa lý,EKDOTIKE ATHENON S.A.,1
2fnnp6p7,FT1 - Đánh thức con người phi thường trong bạn,Anthony Robbins,Tâm lý - Giáo dục,NXB Tổng hợp TPHCM,2
2fnnp6p6,FT1 - Think and Grow Rich,Napoleon Hill,Kinh tế - Quản trị,NXB lao động,2
woaxur1b,FT1 - người quảng đi ăn mì quảng,nguyễn nhật ánh,Văn học - Tiểu thuyết,nxb trẻ,1
3a9jdv3d,FT1 - Tinh thần doanh nghiệp của nước nhật hiện đại,Tukichi fukuzawa,Kinh tế - Quản trị,Nxb trẻ,1
w35fr99w,FT1 - Nghệ Thuật lãnh Đạo doanh nghiệp,Ram Charan,Kinh tế - Quản trị,NXB Tổng hợp Thành phố Hồ ChíMinh,1
9pxo9a79,FT1 - Đọc vị bất kỳ ai,David J.Lieberman,Tâm lý - Giáo dục,NXB lao động - xã hội,1
t141u920,FT1 - Cái cười của thánh nhân,Nguyễn Duy Cần,Triết học - Tôn giáo - Tâm linh,NXB Trẻ,2
kecc7h5r,FT1 - Robocon Ươm mầm những ước mơ,Đoàn Minh Hằng,Other,NXB Văn Học,1
lhkbp5vy,FT1 - Trí thông minh cảm xúc for dummies,Steven J. Stein,Tâm lý - Giáo dục,NXB Lao Động,1
8ug2ysg4,FT1 - dạy con làm giàu tập 13,robert T.Kiyosaki,Tâm lý - Giáo dục,nxb trẻ,1
wdg4c9eb,FT1 - Người Bán Hàng Vĩ Đại Nhất Thế Giới,OG MADINO,Văn học - Tiểu thuyết,NXB Tổng hợp Thành phố Hồ Chí Minh,2
wdg4c9ek,FT1 - Vị giám đốc 1 phút,Ken Blanchard Ph.D,Kinh tế - Quản trị,NXB Tổng hợp TP. Hồ Chí Minh,1
xhtoriyf,FT1 - dạy con làm giàu,robert kiyosaki,Tâm lý - Giáo dục,nxb trẻ,1
xhtoriyd,FT1 - Niêm yết sàn mỹ,Alan v.Phan ph.D  DBA,Kinh tế - Quản trị,Nxb lao động - xã hội,1
oesdwu8p,FT1 - Tự học Ngôn ngữ lập trình Visual Basic 2005,Nguyễn Nam Thuận,Khoa học tự nhiên - Kỹ thuật,NXB Giao thông vận tải,1
oesdwu80,FT1 - Sẽ có cách đừng lo,Tuệ Nghi,Kỹ năng mềm,NXB văn học,1
g02okxtx,FT1 - Cánh đồng bất tận,Nguyễn Ngọc Tư,Văn học - Tiểu thuyết,NXB Trẻ,1
k1errl7r,FT1 - Điểm bùng phát,Malcolm Gladwell,Tâm lý - Giáo dục,NXB lao động - xã hội,2
l32hk23t,FT1 - 21 Nguyên tắc vàng của Nghệ Thuật Lãnh Đạo,Jonh C. MAXWELL,Kinh tế - Quản trị,NXB Lao Động,1
l32hk234,FT1 - Giáo trình SQL Server 2000,Nguyễn Thiện Bằng Phương Lan,Khoa học tự nhiên - Kỹ thuật,NXB Lao Động Xã Hội,1
w0tzbttp,FT1 - Nhấn nút tái tạo,Satya Nadella,Kinh tế - Quản trị,NXB trẻ,1
zqnwuy7n,FT1 - Balanced,Scorecard,Kinh tế - Quản trị,Nxb tổng hợp thành phố hcm,1
skh505ms,FT1 - Ngày trôi về phía cũ,Anh Khang,Văn học - Tiểu thuyết,NXB Hội Nhà Văn,1
eh7o2c8z,FT1 - Flat Eye - The Flat World Fsofters Eye,FSoft,Other,NXB Đồng Nai,1
hnx7721r,FT1 - Lập trình ứng dụng chuyên nghiệp SQL Server 2000 tập 1,Phạm Hữu Khang,Khoa học tự nhiên - Kỹ thuật,NXB Giáo dục,1
3721nmj1,FT1 - Người đua Diều,Khaled Hosseini,Văn học - Tiểu thuyết,NXB Hội Nhà Văn,1
1r125sdo,FT1 - Nghệ thuật ăn trưa bàn công việc,Robin jay,Kinh tế - Quản trị,Nxb trẻ,1
f8y8pb5h,FT1 - Hiểu về trái tim,Minh Niệm,Tâm lý - Giáo dục,NXB Tổng hợp Thành phố Hồ Chí Minh,1
ie6tjh8f,FT1 - Ngày trong sương mù,Hà Nhân,Văn học - Tiểu thuyết,NXB Văn Học,1
7w4naa7b,FT1 - THE RESCUE,NICHOLAS SPARKS,Văn học - Tiểu thuyết,HACHETTE BOOK GROUP,1
uou5qocy,FT1 - bài giảng cuối cùng,randy pausch,Tâm lý - Giáo dục,nxb trẻ,1
wubteujf,FT1 - Đường tống truyền kỳ,Lỗ Tấn,Hồi ký - Tiểu sử - Tự truyện,NXB Hội Nhà Văn,1
csvklrla,FT1 - Chiến lược đơn giản để làm giàu,David hooper,Kinh tế - Quản trị,Nxb từ điẻn bách khoa,1
qnolj75m,FT1 - sống theo 80/20,richard koch,Kỹ năng mềm,nxb trẻ,1
35xkuy7a,FT1 - Kiếp Ba Khía,Trần Bảo Định,Văn học - Tiểu thuyết,NXB Văn hóa Văn nghệ,1
35xkuy7n,FT1 - 500 câu hỏi Nhật ngữ N3,Matsumo Noriko  Sasaki Hitoko,Ngoại ngữ,NXB trẻ,1
04ee1itq,FT1 - Những âm mưu từ đảo Jekyll (Nhận diện cục dự trữ liên bang),G. Edward Griffin,Kinh tế - Quản trị,NXB tổng hợp TPHCM,1
agbvj1ex,FT1 - lập bản đồ tư duy,tony buzan,Kỹ năng mềm,nxb lao động xã hội,1
2ca9oayg,FT1 - Nhượng quyền khởi nghiệp,Nguyễn phi vân,Kinh tế - Quản trị,Nxb trẻ,1
birmmc1p,FT1 - Dạy con làm giàu - Những bí mật về tiền bạc mà bạn không học ở nhà trường,Robert T. Kiyosaki,Tâm lý - Giáo dục,NXB Trẻ,1
8ri38dw6,FT1 - Từ điển Nhật Việt,Nguyễn Văn Khang ( chủ biên),Ngoại ngữ,NXB thời đại,1
9xkwr3a9,FT1 - Có những điều chẳng thể nói cùng ai,Minh Nhật,Văn học - Tiểu thuyết,NXB Phụ Nữ Việt Nam,1
dtk90bwl,FT1 - Cất tiếng như như sấm - Từng lời chấn tâm,OOPSY,Kỹ năng mềm,NXB phụ nữ,1
62u4e27b,FT1 - Dạy con làm giàu - 8 - Ai đã lấy tiền của tôi,Robert T. Kiyosaki,Tâm lý - Giáo dục,NXB Trẻ,1
elcrldzi,FT1 - Câu chuyện cuối cùng,Cecelia Ahern,Văn học - Tiểu thuyết,NXB Hội Nhà Văn,1
vnehmtik,FT1 - The long tail,Chris anderson,Kinh tế - Quản trị,Nxb trẻ,1
gff6mxf4,FT1 - TÂM LÝ HỌC NHÂN CÁCH: MỘT SỐ VẤN ĐỀ LÝ LUẬN,NGUYỄN NGỌC BÍCH,Tâm lý - Giáo dục,NXB GIÁO DỤC,1
nfq4ewop,FT1 - Ngày xưa có một con Bò,Camilo Cruz,Tâm lý - Giáo dục,NXB Trẻ,1
g6c8qotj,FT1 - trong chớp mắt,malcolm gladwell,Tâm lý - Giáo dục,nxb thế giới,2
7pjn9dgb,FT1 - Từ điển Anh - Anh - Việt,Lâm Quang Đông,Ngoại ngữ,NXB đại học quốc gia Hà Nội,1
ksii50wh,FT1 - Dạy con làm giàu - 8 - Để có những đồng tiền tích cực,Robert T. Kiyosaki,Tâm lý - Giáo dục,NXB Trẻ,1
pz5u0rzf,FT1 - Hiệu ảnh Nishiura,Mikami Em,Văn học - Tiểu thuyết,NXB văn học,1
ozdn14bt,FT1 - Sáu người đi khắp thế gian,James a. Michener,Văn học - Tiểu thuyết,Nxb Hội Nhà Văn,1
ihlsrvog,FT1 - Trên đường băng,Tony buổi sáng,Kỹ năng mềm,NXB Trẻ,2
c51teom8,FT1 - mười sai lầm chết người trong tiếp thị,kotler,Kỹ năng mềm,nxb trẻ,1
llzbbxr3,FT1 - Dạy con làm giàu - 5 - Để có sức mạnh về tài chính,Robert T. Kiyosaki,Tâm lý - Giáo dục,NXB Trẻ,1
llzbbxr4,FT1 - Elone Musk (Tesla SpaceX và sứ mệnh tìm kiếm một tương lai ngoài sức tưởng tượng),Ashlee Vance,Kinh tế - Quản trị,NXB đại học kinh tế quốc dân,1
5uw6txtx,FT1 - Kỹ năng viết báo cáo hiệu quả,Kashiwagi Yoshiki,Kỹ năng mềm,NXB ĐH Kinh tế Quốc dân,1
dnwyksad,FT1 - Kỷ yếu ngày nhân sự Việt Nam 2012 chủ đề Chất lượng lãnh đạo doanh nghiệp Việt,Nhiều tác giả,Other,NXB Thông tin và truyền thông,1
o7tmeqoo,FT1 - Chuyện con mèo dạy hải âu bay,Luis Sepúveda,Văn học - Tiểu thuyết,NXB hội nhà văn,3
o7tmeqo8,FT1 - Ngơ đi một tí vui lên một tí Đời rất dễ sống,Me-xừ Long Bé Nhỏ,Kỹ năng mềm,NXB Thế Giới,1
11xdmoth,FT1 - Phụ nữ thông minh không ở góc văn phòng,Lois P.Frankel,Kỹ năng mềm,NXB Lao động,1
ix2tqzpc,FT1 - Ngày xưa có một chuyện hành tinh,Nguyễn Nhật Ánh,Văn học - Tiểu thuyết,NXB trẻ,1
mmyyat25,FT1 - đắc nhân tâm,dale carnegie,Tâm lý - Giáo dục,nxb tổng hợp tphcm,2
x59olwov,FT1 - Dạy con làm giàu - 4 - Con giàu con thông minh,Robert T. Kiyosaki,Tâm lý - Giáo dục,Nxb Trẻ,1
bevy1y8i,FT1 - Những giấc mơ ở hiệu sách Morisaki,Yagisawa Satoshi,Văn học - Tiểu thuyết,NXB Hà Nội,1
fvvg932f,FT1 - Luyện thi năng lực nhật ngữ N2,Sasaki Hikoto,Ngoại ngữ,NXB trẻ,8
s49mdepk,FT1 - Khám phá thiên tài trong bạn,Michael J.gelb,Kỹ năng mềm,Nxb lao động - xã hội,1
otzv3513,FT1 - Dấu vết của mẹ,Marta Dzido,Văn học - Tiểu thuyết,NXB hội nhà văn,1
dv6vq2sb,FT1 - Lẽ Phải của Phi Lý Trí,Dan Ariely,Kỹ năng mềm,NXB Lao động - Xã hội,1
9vc0na19,FT1 - Dynamic Web Pages using JSP,APTECH WORLDWIDE,Khoa học tự nhiên - Kỹ thuật,APTECH WORLDWIDE,1
lp1aennm,FT1 - Ý THIÊN ĐỒ LONG KÝ,KIM DUNG,Văn học - Tiểu thuyết,NXB VĂN HỌC,2
0fl5yjv2,FT1 - Dạy con làm giàu - 1 - Để không có tiền vẫn tạo ra tiền,Rober T. Kiyosaki,Tâm lý - Giáo dục,Nxb Trẻ,1
fy6wakcj,FT1 - Nằm vạ,Bùi Hiển,Văn học - Tiểu thuyết,NXB Kim Đồng,1
mdkob7xe,FT1 - Luyện thi năng lực nhật ngữ N3,Sasaki Hikoto,Ngoại ngữ,NXB trẻ,12
k1bidjs0,FT1 - Thất Tình Không Sao,Nguyễn Ngọc Thạch,Văn học - Tiểu thuyết,NXB Hội Nhà Văn,1
i62esuux,FT1 - Architecting Web Applications using JSF and Struts,APTECH WORLDWIDE,Khoa học tự nhiên - Kỹ thuật,APTECH WORLDWIDE,1
3m38wg4c,FT1 - tinh thần samurai,brian klemmer,Tâm lý - Giáo dục,nxb trẻ,1
rvhu6v5y,FT1 - Networking Essentials,APTECH WORLDWIDE,Khoa học tự nhiên - Kỹ thuật,APTECH WORLDWIDE,1
58efmdjt,FT1 - Vùng mỏ,Võ Huy Tâm,Văn học - Tiểu thuyết,NXB Kim Đồng,1
0oybw8f8,FT1 - Ai che lưng cho bạn,Keith Frrrazzi,Kỹ năng mềm,NXB Trẻ,1
9a68jbis,FT1 - Dạy con làm giàu - 9 - Những bí mật về tiền bạc - Điều mà bạn không học ở nhà trường,Robert T. Kiyosaki,Tâm lý - Giáo dục,Nxb Trẻ,1
vnx945cs,FT1 - đừng bao giờ đi ăn một mình,keith ferrazzi,Kỹ năng mềm,nxb trẻ,2
m65j3fnh,FT1 - Sự im lặng của bầy cừu,Thomas Harris,Văn học - Tiểu thuyết,NXB Hội Nhà Văn,2
mcbto7nz,FT1 - Vầng sáng tù phương đông,Dalai Latma & Mike Austin,Triết học - Tôn giáo - Tâm linh,NXB lao động,1
tzoghbq7,FT1 - bức xúc không làm ta vô can,đặng hoàng giang,Văn học - Tiểu thuyết,nxb hội nhà văn,2
ila7eve0,FT1 - Ý THIÊN ĐỒ LONG KÝ SỐ 4,KIM DUNG,Văn học - Tiểu thuyết,NXB VĂN HỌC,1
yb20axob,FT1 - TED TALKS:Hùng biện kiểu TED,Chris Anderson,Kỹ năng mềm,NXB Thế giới,1
3zprbh79,FT1 - Dạy con làm giàu - 3 - Hướng dẫn đầu tư,Robert T. Kiyosaki,Tâm lý - Giáo dục,Nxb Trẻ,1
hyslpoqy,FT1 - Giới hạn của bạn chỉ là xuất phát điểm của tôi,Mèo Maverick,Kỹ năng mềm,NXB Thế Giới,1
4nty6wst,FT1 - Mật mã Tây Tạng 3,Hà Mã,Văn học - Tiểu thuyết,NXB Hội Nhà Văn,1
ekf25phd,FT1 - Ý THIÊN ĐỒ LONG KÝ SỐ 5,KIM DUNG,Văn học - Tiểu thuyết,NXB VĂN HỌC,1
ekf25phk,FT1 - Đừng tin chém gió đấy !!!,FSoft,Other,NXB thế giới,1
b2ilyafy,FT1 - Dạy con làm giàu - 2 - Sử dụng đồng vốn,Robert T. Kiyosaki,Tâm lý - Giáo dục,Nxb Trẻ,1
xauytzjm,FT1 - Nóng giận là bản năng Tỉnh lặng là bản lĩnh,Tống Mặc,Kỹ năng mềm,NXB Thế giới,1
0h9upodq,FT1 - Ý THIÊN ĐỒ LONG KÝ SỐ 7,KIM DUNG,Văn học - Tiểu thuyết,NXB VĂN HỌC,1
c5dd5hxq,FT1 - Lâu đài thủy tinh (The Glass Castle),Jeannette Walls,Hồi ký - Tiểu sử - Tự truyện,NXB Văn Hóa Thông Tin,1
c5dd5hxm,FT1 - Menschen A1.2,Sandra Evans Angela Pude Franz Specht,Ngoại ngữ,Hueber,1
fbef1orp,FT1 - Thời gian thầm lặng,Hàn vĩnh nguyên,Văn học - Tiểu thuyết,Nxb mũi cà mau,1
lg0un0qa,FT1 - Kỷ nguyên hỗn loạn - Những cuộc khám phá trong thế giới mới,Alan Greenspan,Kinh tế - Quản trị,NXB trẻ,1
pljpl9mj,FT1 - Chuyện đông chuyện tây,An Chi,Lịch sử - Địa lý,NXB trẻ,3
v54n4zy8,FT1 - Lược sử thời gian,Stephen Hawking,Khoa học tự nhiên - Kỹ thuật,NXB trẻ,2
3i9tjiod,FT1 - Những chàng trai xấu tính,Nguyễn Nhật Ánh,Văn học - Tiểu thuyết,NXB Trẻ,1
l0detobw,FT1 - quản lý thời gian hiệu quả,patrick forsyth,Kỹ năng mềm,nxb lao động,1
2xc537zt,FT1 - Nghiệp vụ văn thư lưu trữ,Hoàng Lê Minh,Kỹ năng mềm,NXB Văn hóa -Thông tin,1
0usgnm8z,FT1 - Tôi thấy hoa vàng trên có xanh,Nguyễn nhật ánh,Văn học - Tiểu thuyết,Nxb trẻ,1
xvcitw1b,FT1 - tảng băng tan,john kotter,Kỹ năng mềm,nxb tổng hợp tphcm,2
tw4zvaq6,FT1 - Nghiệp vụ thư ký văn phòng,Hoàng Giang,Kỹ năng mềm,NXB Văn hóa - Thông tin,1
xbljeb3p,FT1 - Những người thích khóc,Azit Nexin,Văn học - Tiểu thuyết,NXB Lao Động - Xã Hội,1
5splskfd,FT1 - Tuyết,Maxence Fermine,Văn học - Tiểu thuyết,NXB Văn Học,1
m5p8hahw,FT1 - nhân tố enzyme,hiromi shinya,Y học - Sức khỏe - Thể thao,nxb thế giới,4
nv6rtxfg,FT1 - Work Rules (Quy tắc của Google),Laszlo Bock,Kinh tế - Quản trị,NXB thế giới,1
l5yfketc,FT1 - Kỹ năng lãnh đạo của người Nhật,Masakasu Sugiura,Kỹ năng mềm,NXB Đại học Kinh Tế Quốc Dân,1
86kz5c2o,FT1 - Mặt trời nhà Scorta,Laurent Gaude,Văn học - Tiểu thuyết,NXB Hội Nhà Văn,1
sg1muy52,FT1 - Tôi là Bento,Nguyễn Nhật Ánh,Văn học - Tiểu thuyết,NXB trẻ,1
sg1muy53,FT1 - Professional Certificate in English - Academic Reading Writing and Listening,Mr. Gerson C. Lapid,Ngoại ngữ,MDIS School of Languages and Education,1
sdmfjf1g,FT1 - Kỹ năng quản lý dự án hiệu quả,Clydebank Business,Kỹ năng mềm,NXB Phụ nữ,2
v4v1bdli,FT1 - Rừng nauy,Haruki murakami,Văn học - Tiểu thuyết,Nxb hội nhà văn,1
nb0aaq0b,FT1 - Gió lẻ và 9 câu chuyện khác,Nguyễn Ngọc Tư,Văn học - Tiểu thuyết,NXB trẻ,1
h7rlog6t,FT1 - Giải mã bí ẩn thung lũng Silicon,Michelle E. Messina và Jonathan C. Bear,Kinh tế - Quản trị,NXB thế giới,1
ijef9scu,FT1 - Cuộc Chia ly của những Vì sao,Trung Trung Đỉnh,Văn học - Tiểu thuyết,NXB Kim Đồng,1
nl5xpkul,FT1 - Cọp Trắng,Aravind Adiga,Văn học - Tiểu thuyết,NXB Trẻ,2
4iuipv0b,FT1 - Ngày mai không hẹn trước,Debbie Macomber,Văn học - Tiểu thuyết,Nxb Hội nhà văn,1
g1o0t96d,FT1 - Ký Ức Không Quên,Jonathan Schell,Văn học - Tiểu thuyết,NXB trẻ,1
r65qf0nw,FT1 - Có anh trong đời,Debbie Macomber,Văn học - Tiểu thuyết,Nxb hội nhà văn,1
av7ok3a6,FT1 - Nơi Xa,Văn Linh,Văn học - Tiểu thuyết,NXB Kim Đồng,1
kux7r135,FT1 - Tâm hồn cao thượng,Nguyễn Khải,Văn học - Tiểu thuyết,NXB trẻ,1
g5izpbr7,FT1 - THƠ DẤU ẤN CUỘC ĐỜI,MINH SỬ,Văn học - Tiểu thuyết,Không có,1
u12nqq7o,FT1 - nhân tố enzyme - minh hoạ,hiromi shinya,Y học - Sức khỏe - Thể thao,nxb thế giới,1
u12nqq71,FT1 - Ăn Cầu Nguyện Yêu,Elizabeth Gilbert,Hồi ký - Tiểu sử - Tự truyện,NXB Phụ Nữ,1
pac28ew5,FT1 - Business model generation,Alexander osterwalder & yves pigneur,Kinh tế - Quản trị,Nxb lao động,2
80icqnlo,FT1 - Tướng Lâm Kỳ Đạt,Hoàng Văn Bổn,Văn học - Tiểu thuyết,NXB Kim Đồng,1
4nyysteg,FT1 - Con Gái Mỹ,Meg Cabot,Kỹ năng mềm,NXB Văn hóa - Thông tin,1
arxj8vrr,FT1 - Trăng nước chương dương,Hà Ân,Văn học - Tiểu thuyết,NXB Kim Đồng,1
j9eiq9m9,FT1 - Thơ mang màu sắc Hồ Xuân Hương,Nhiều tác giả,Văn học - Tiểu thuyết,Sở văn hoá thông tin Vĩnh Long,1
tdkxgc5s,FT1 - Một đời như kẻ tìm đường,Phan Văn Trường,Kinh tế - Quản trị,Nxb Trẻ,1
mszqjyi1,FT1 - Cát cháy,Thanh Quế,Văn học - Tiểu thuyết,NXB Kim Đồng,1
qpdxxx1h,FT1 - Bởi vì yêu,Guillame Musso,Văn học - Tiểu thuyết,NXB Hội Nhà Văn,1
ob0or05z,FT1 - Nửa mặt trời vàng,Chimamanda Ngozi Adichie,Văn học - Tiểu thuyết,NXB Lao Động,1
6yj0y1fx,FT1 - Bạn Gái trên đường sự nghiệp,Hoàng Xuân Việt,Kỹ năng mềm,NXB Thanh niên,1
wo87n4ja,FT1 - Bad blood (Máu bẩn),John Carreyrou,Kinh tế - Quản trị,NXB thế giới,1
917l19hh,FT1 - Mật mã Tây Tạng 2,Hà Mã,Văn học - Tiểu thuyết,NXB Văn Hóa Sài Gòn,1
au1imrxw,FT1 - PHI LÝ TRÍ,DAN ARIELY,Kinh tế - Quản trị,NXB LAO ĐỘNG,1
6ywn1ky4,FT1 - Sắc lá momiji,Miyamoto Teru,Tâm lý - Giáo dục,NXB Văn Học,1
2udpcdvx,FT1 - Tư duy nhanh và chậm,Daniel Kahneman,Kinh tế - Quản trị,Nxb Thế giới,1
36558h9i,FT1 - Tam Quốc Diễn Nghĩa,Thành Quân Úc,Văn học - Tiểu thuyết,NXB Lao Động Xã Hội,1
8shiz9de,FT1 - Mãi đừng xa tôi,Kazuo Ishiguro,Văn học - Tiểu thuyết,NXB Văn học,1
1jimygjx,FT1 - AMRITA,BANANA YOSHIMOTO,Văn học - Tiểu thuyết,NXB HỘI NHÀ VĂN,1
003tamn2,FT1 - Sherlock Holmes toàn tập 2,Arthur Conan Doyle,Văn học - Tiểu thuyết,NXB Văn Hóa Thông Tin,1
gk2q2bg8,FT1 - The one thing,Jay Papasan và Gary Keller,Kinh tế - Quản trị,NXB Lao Động - Xã Hội,1
rriky84i,FT1 - bước chậm lại giữa thế gian vội,Hae Min,Triết học - Tôn giáo - Tâm linh,NXB Hội Nhà Văn,1
yfsuksyn,FT1 - Đẹp & Buồn,Yasunari Kawabata,Văn học - Tiểu thuyết,NXB Văn hóa Sài Gòn,1
2myck91f,FT1 - Tuyết hoa và Cây quạt bí mật,Lisa See,Văn học - Tiểu thuyết,NXB Hội Nhà Văn,1
pcctokga,FT1 - Android Application Development,Android ATC team,Khoa học tự nhiên - Kỹ thuật,ATC Advanced Training Consultants,1
g4835i67,FT1 - Nghĩ kiểu Zuck thành công như Facebook,Ekaterina Walter,Kinh tế - Quản trị,NXB phụ nữ,1
2d11inrh,FT1 - Sống lưng của jesse,Yamanda Amy,Văn học - Tiểu thuyết,NXB Văn Hóa Sài Gòn,1
zdcw9ldw,FT1 - THE SECRET,RHONDA BRYNE,Kỹ năng mềm,NXB LAO ĐỘNG,1
tz46mmat,FT1 - Nhẫn Thạch,Atiq Rahimi,Văn học - Tiểu thuyết,NXB Hội Nhà Văn,1
tdk0b67z,FT1 - Sức mạnh của việc đặt câu hỏi Tại Sao,C.Richard Weylman,Kỹ năng mềm,NXB Công Thương,1
lisu75z8,FT1 - Lãnh đạo phong cách Barack Obama,Shel Leanne,Kinh tế - Quản trị,NXB thế giới,1
aael0sa7,FT1 - Try! N4 Japanese Language Proficiency,Nhóm tác giả,Ngoại ngữ,Ask Publishing,1
lrn1gbzz,FT1 - Sanshiro,Natsume Soseki,Văn học - Tiểu thuyết,NXB Văn Học,1
qitq5t2f,FT1 - yêu đi rồi khóc,Hamlet Trương,Nghệ thuật - Giải trí,NXB Khoa học,1
fey4wfpw,FT1 - Những ngày tháng chỉ muốn rong chơi,Nguyễn Phước Huy,Văn học - Tiểu thuyết,NXB Văn học,1
4e38rk7z,FT1 - Ba ơi mình đi đâu,Jean-Louis Fournier,Tâm lý - Giáo dục,NXB Hội Nhà Văn,1
c8qzmbqp,FT1 - Quảy gánh băng đồng ra thế giới,Nguyễn Phi Vân,Văn học - Tiểu thuyết,NXB Trẻ,1
8ocdz1xs,FT1 - Ở NGƯỠNG CỦA CUỘC ĐỜI,LÝ LAN,Hồi ký - Tiểu sử - Tự truyện,NXB VĂN NGHỆ,1
7c0m2t75,FT1 - Bay xuyên những tầng mây,Hà Nhân,Văn học - Tiểu thuyết,NXB Văn Học,1
ftw4ekzs,FT1 - Người tính,Marguerite Duras,Văn học - Tiểu thuyết,NXB Hội Nhà Văn,1
adq0jiy9,FT1 - Sống như cây rừng,Hà Nhân,Văn học - Tiểu thuyết,NXB Văn Học,1
adq0jiy1,FT1 - Hành Trình Xương Thủy Tinh,Nguyễn Thị Thu Sương,Văn học - Tiểu thuyết,NXB Trẻ,1
dmhob8ec,FT1 - Tảng Băng Tan (Our Iceberg Is Melting),John Kotter và Holger Rathgeber,Other,NXB Tổng Hợp TP.HCM,1
5axbzpby,FT1 - Sững sờ & run rẩy.,Amelie Nothbomb,Văn học - Tiểu thuyết,NXB Văn Học,1
4bxo7y8e,FT1 - Nhện Tuyết,Jenny Nimmo,Văn học - Tiểu thuyết,NXB Trẻ,1
4v9z8chz,FT1 - Sử dụng tiếng Anh trong Email cá nhân và công việc,Lê Huy Lâm,Kỹ năng mềm,NXB Tổng Hợp Thành Phố Hồ Chí Minh,1
5dmysfcx,FT1 - bán khống,Michael lewis,Kinh tế - Quản trị,nxb kinh tế quốc dân,1
rpn8r4w1,FT1 - Việc hôm nay chớ để ngày mai,Richard Templar,Kỹ năng mềm,NXB Lao động - Xã hội,1
iyqy5sn9,FT1 - Cẩm Nang Hướng Dẫn Mua Lại & Sát Nhập,Timothy J. Galphin & Mark Herndon,Kinh tế - Quản trị,NXB Tổng Hợp TP. HCM,1
tj3s5mj8,FT1 - Những chuyện kể của Beedle người hát rong,J.K.Rowling,Văn học - Tiểu thuyết,NXB Trẻ,1
olrkhnyj,FT1 - Ý THIÊN ĐỒ LONG KÝ SỐ 1,KIM DUNG,Văn học - Tiểu thuyết,NXB VĂN HỌC,1
ckbkox01,FT1 - Xa xôi thôn ngựa già,Ma văn kháng,Văn học - Tiểu thuyết,Nxb phụ nữ,1
jl33ulib,FT1 - Phải trái đúng sai,michael sandel,Kỹ năng mềm,nxb trẻ,1
00sxkw90,FT1 - Ý THIÊN ĐỒ LONG KÝ SỐ 2,KIM DUNG,Văn học - Tiểu thuyết,NXB VĂN HỌC,1
sc78hffs,FT1 - The Balanced Scorecard: Thẻ Điểm Cân Bằng,Robert S.Kaplan & David P.Norton,Kinh tế - Quản trị,NXB Trẻ,1
c7f03uy4,FT1 - Cửa hành cho những kẻ chán sống,Jean Teulé,Kỹ năng mềm,NXB Hội Nhà Văn,1
7xsiye7g,FT1 - Đôn Kihote Nhà quý tộc tài ba xứ Mantra,Miguel De Cervantes Saavedra,Văn học - Tiểu thuyết,NXB Văn học,1
9r5yayj5,FT1 - Ngày thường hà nội,Băng sơn,Hồi ký - Tiểu sử - Tự truyện,Nxb văn học,1
6fkqxuoz,FT1 - tốc độ của niềm tin,stephen MR Covey,Kỹ năng mềm,nxb trẻ,1
28wr61v4,FT1 - ELLEN Degeneres,Nghiêm túc thì tôi chỉ đùa thôi,Hồi ký - Tiểu sử - Tự truyện,NXB Thế Giới,1
khqk4u9c,FT1 - Nghĩ về thăng long hà nội,Hội khoa học lịch sử tp HCM,Lịch sử - Địa lý,Nxb Trẻ,1
xn3y26gt,FT1 - Sự bình yên trong tâm hồn,Cẩm tiên,Tâm lý - Giáo dục,NXB Văn hóa thông tin,1
eq2qjbel,FT1 - Đô-la Hay Lá Nho?Lột Trần Cô Nàng Kinh Tế Học,Charles Wheelan,Kinh tế - Quản trị,NXB Lao Động - Xã Hội,1
hz5n489z,FT1 - Sống bằng cả trái tim,Nguyễn Văn Như,Tâm lý - Giáo dục,NXB Thế giới,1
zpok1f6q,FT1 - Leo núi phú sĩ,Trần quân ngọc,Hồi ký - Tiểu sử - Tự truyện,Nxb văn học,1
x9sfmc87,FT1 - Quy tắc của sự thanh lịch,Emiko Kato,Kỹ năng mềm,NXB Thế giới,1
6wtbc4cf,FT1 - Nếu tôi biết được khi còn 20,Tina Seelig,Kinh tế - Quản trị,NXB trẻ,1
a0wqnujy,FT1 - Thiền khí tâm,Master Sridevi Tố Hải,Triết học - Tôn giáo - Tâm linh,NXN phụ nữ,1
29h0l0p2,FT1 - Sushi cho người Mới Bắt Đầu,Marian Keyes,Văn học - Tiểu thuyết,NXB Hội nhà văn,1
1afvhx7n,FT1 - Văn Minh Làm Giàu & Nguồn Gốc Của Cải,TS. Vương Quân Hoàng,Kinh tế - Quản trị,NXB Chính Trị Quốc Gia,1
1upd6t34,FT1 - Chiến thắng con quỷ trong bạn,Napoleon Hill,Tâm lý - Giáo dục,NXB Thái Hà,1
1myn7x15,FT1 - Tín đồ Shopping oanh tạc Manhattan,Sophie Kinsella,Văn học - Tiểu thuyết,NXB Hội nhà văn,1
b46ujrgf,FT1 - Project management essential Course,FPT Software,Học liệu,FPT Software,1
xenepq8x,FT1 - スピードマスター! 漢字検定2級 出題回数別 問題集: Speed Master! Sách bài tập theo số lần ra đề thi Hán tự cấp độ 2,Takahashi Shoten,Ngoại ngữ,Takahashi Shoten,1
xenepq81,FT1 - Introduction to Management Business and Marketing,Management Development Institute of Singapore,Học liệu,MDIS,1
d21ct7sq,FT1 - The Discover your True North,Nick Craig & Bill George & Scott Snook,Học liệu,Wiley,1
91fa361p,FT1 - ベトナム,池田浩明 (Ikeda Hiroaki),Ngoại ngữ,情報センター出版局,1
gsf0ds9y,FT1 - Không bao giờ là thất bại tất cả là thử thách,Chung Ju Yung,Hồi ký - Tiểu sử - Tự truyện,NXB thế giới,1
yuj7djf4,FT1 - 回転する熱帯 (The Spinning Tropics),望月飛鳥 (Aska Mochizuki),Ngoại ngữ,Japan,1
t91dvyg4,FT1 - 本試験型 漢字検定 1級 試験問題集 (Kiểu đề thi thật - Tuyển tập đề thi Kentei Kanji cấp 1),No,Ngoại ngữ,NXB Thành lập bởi 成美堂出版編集部編 (Ban biên tập Seibido Shuppan),1
68rxb22q,FT1 - Kanji Kentei 3 kyu [Hinshutsudo Jun] Mondai-shuu (漢字検定 3級 [頻出度順]問題集) (Tuyển tập đề thi Kiểm định Hán tự cấp độ 3),No,Ngoại ngữ,NXB Takahashi Shoten (高橋書店),1
wxgb0acm,FT1 - 奇貨,松浦理英子,Ngoại ngữ,新潮社,1
ogoxxoah,FT1 - Bản mẫu đề thi Kanken Cấp 2 (本試験型漢字検定2級試験問題集).,No,Ngoại ngữ,No,1
ogoxxoa0,"FT1 - Kanji Kentei Jun 2-kyu Shutsudai Kaisubetsu Mondai Shu: Speed Master!"" (Bộ đề thi phân loại theo tần suất ra đề Kanji Kentei cấp độ tiền 2: Speed Master!",No,Ngoại ngữ,No,1
3xls45r0,FT1 - CD: Shin Nihongo no Kiso II,N/A,Học liệu,AOTS,1
i7lxdhne,FT1 - 漢字検定 準1級 試験問題集 2006年版,成美堂出版編集部,Ngoại ngữ,成美堂出版,1
i7lxdhn3,FT1 - TOEFL,Michael A.Pyle M.A. & Mary Ellen Munoz Page M.A,Ngoại ngữ,Cliffs,1
c7r0s3gv,FT1 - Quốc gia khởi nghiệp,Dan Senor & Saul Singer,Kinh tế - Quản trị,NXB Thế Giới,3
kvltkszy,FT1 - Enlarging your vocabulary,NGUYỄN THANH CHƯƠNG,Ngoại ngữ,NXB Trẻ,1
b7b7ugej,FT1 - LUẬT TRÍ NÃO,John Medina,Kỹ năng mềm,NXB Lao động - Xã hội,1
tw5gtfqm,FT1 - Ứng dụng AI vào doanh nghiệp,Hoàng Nam Tiến,Kinh tế - Quản trị,NXB Dân Trí,1
yb2h0z4p,FT1 - Hoá giải sợ hãi bằng tình thương,Thích Nhất Hạnh,Tâm lý - Giáo dục,NXB Thế Giới,4
zxu7oulh,FT1 - The power of now,Eckhart Tolle,Kỹ năng mềm,NXB Tổng Hợp TPHCM,1
7hv37vaj,FT1 - Giận,Thích Nhất Hạnh,Tâm lý - Giáo dục,NXB Thế Giới,5
1xa1bewg,FT1 - Tâm tình với đất mẹ,Thích Nhất Hạnh,Tâm lý - Giáo dục,NXB Dân Trí,1
8nj2c7js,FT1 - Giao tiếp người bản xứ trong 3 tháng,Benny Lewis,Ngoại ngữ,NXB khoa học xã hội,1
jkwpde4e,FT1 - Nhà Lãnh Đạo Tương Lai,Jacob Morgan,Kinh tế - Quản trị,NXB Thế Giới,1
7f1czye5,FT1 - Tôi nói gì khi nói về chạy bộ,Haruki Murakami,Y học - Sức khỏe - Thể thao,NXB hội nhà văn,1
tcydzwp0,FT1 - Làm Cha Mẹ Tỉnh Thức,Shefali Tsabary,Tâm lý - Giáo dục,NXB Lao Động,1
nfnnmiia,FT1 - Giao Trồng Hạnh Phúc,Thích Nhất Hạnh,Tâm lý - Giáo dục,NXB Lao Động,1
xefcwf29,FT1 - Đừng bao giờ chia đôi lợi ích trong mọi cuộc đàm phán,CHIRS VOSS,Tâm lý - Giáo dục,NXB Thế Giới,1
i2rwnkwd,FT1 - Muốn an được an,Thích Nhất Hạnh,Tâm lý - Giáo dục,NCB Lao Động,1
qkjgeeuh,FT1 - Tĩnh Lặng,Thích Nhất Hạnh,Tâm lý - Giáo dục,NXB Thế Giới,1
2gm3hus3,FT1 - Thương lượng không nhân nhượng,Roger Fisher - William Ury,Tâm lý - Giáo dục,NXB Tài Chính,1
8pgeloky,FT1 - Cho đất nước đi lên,Thích Nhất Hạnh,Tâm lý - Giáo dục,NXH Hồng Đức,1
fpp7a57c,FT1 - Thiền Sư và Em Bé,Thích Nhất Hạnh,Tâm lý - Giáo dục,NXB Dân Trí,1
2esh49wn,FT1 - An Lạc từng bước chân,Thích Nhất Hạnh,Tâm lý - Giáo dục,NXB Lao Động,1
unjt5r6t,FT1 - Dẫn dắt một bầy sói hay chăn một đàn cừu,Tiffani Bova,Kỹ năng mềm,NXB Dân Trí,1
wh30dsjc,FT1 - Quyền lực địch thực,Thích Nhất Hạnh,Tâm lý - Giáo dục,NXB Thế Giới,1
rp5j4ngq,FT1 - Tri kỷ của bụt,Thích Nhất Hạnh,Tâm lý - Giáo dục,NXB Thế Giới,1
opmmy2cg,FT1 - Từ sông Bến Hải đến Dinh Độc Lâp,Thiếu tướng Hoàng Đan,Lịch sử - Địa lý,NXB Thông Tân,1
86nbsvy1,FT1 - Khát Vọng Việt,Đỗ Cao Bảo,Kinh tế - Quản trị,NXB Thế Giới,1
euhtj7s6,FT1 - Thư cho em,Hoàng Nam Tiến,Hồi ký - Tiểu sử - Tự truyện,NXB Hội nhà văn,1
64nwzm0w,FT1 - Dám nghĩ lại,Adam Grant,Kỹ năng mềm,NXB Dân Trí,1
v47dq6ji,FT1 - Biến tiềm năng thành tài năng,Adam Grant,Kỹ năng mềm,NXB Dân Trí,1
b79oi4nv,FT1 - Tâm lý học về tiền,MORGAN HOUSEL,Kinh tế - Quản trị,NXB Dân Trí,1
83xfvxvr,FT1 - Huấn luyện cảm xúc,Christina Sungaie Choi & Peck Cho,Tâm lý - Giáo dục,NXB Thế Giới,1
1w7zkcie,FT1 - Dám Hạnh Phúc,Kishimi Ichiro & Koga Fumitake,Tâm lý - Giáo dục,NXB Dân Trí,1
yri3mgjf,FT1 - Tái tạo tổ chức,Frederic Laloux,Kinh tế - Quản trị,NXB Thế Giới,2
nar04e2j,FT1 - Trí Tuệ Đồng Hành,Ethan Mollick,Kinh tế - Quản trị,NXB Thế Giới,1
5kwuq7gh,FT1 - Đi tìm lẽ sống,Viktor E.Frankl,Kỹ năng mềm,NXB Tổng Hợp Tp.HCM,1
p6e2wadt,FT1 - Nghĩ khác làm khác,Trương Nguyện Thành,Kỹ năng mềm,NXB Công Thương,1
k3o2ynpt,FT1 - Dám bị ghét,Kishimi Ichiro & Koga Fumitake,Kỹ năng mềm,NXB Dân Trí,1
p4ji6n67,FT1 - 13 bài giảng của Giáo Tiến về quản trị và lãnh đạo,Hoàng Nam Tiến,Kinh tế - Quản trị,NXB Thế Giới,1
41md554b,FT1 - Atomic habits,James Clear,Kỹ năng mềm,NXB Thế Giới,2
ejhs96io,FT3 - Ai che lưng cho bạn,Keith Ferrazzi,Kỹ năng sống,NXB Trẻ,1
3b1y73de,FT3 - Khiến người khác thay đổi suy nghĩ,Rob Jolles,Kỹ năng sống,NXB Trẻ,1
tkd0sjsu,FT3 - Hẹn gặp trên đỉnh cao,Zig Ziglar,Kỹ năng sống,NXB Đà Nẵng,1
jmzmi3kg,FT3 - Bản lĩnh người làm giám đốc,Nguyễn Duy,Quản trị - Lãnh đạo,NXB Hồng Đức,1
7lbdt711,FT3 - Vị giám đốc một phút,Ken Blanchard & Spencer Johnson,Quản trị - Lãnh đạo,NXB Tổng hợp TPHCM,1
95pfzr1v,FT3 - 90 ngày đầu tiên làm sếp,Michael Watkins,Quản trị - Lãnh đạo,NXB Lao động - Xã hội,1
yxzm083f,FT3 - Nhà quản trị thành công,Peter F. Druckers,Quản trị - Lãnh đạo,NXB Lao động,1
yxeyvv5i,FT3 - Tứ thư lãnh đạo - Thuật quản trị,Hòa Nhân,Quản trị - Lãnh đạo,NXB Lao Động,1
08i2ispb,FT3 - Tứ thư lãnh đạo - Thuật xử thế,Hòa Nhân,Quản trị - Lãnh đạo,NXB Lao Động,1
wt2lerld,FT3 - Tứ thư lãnh đạo - Thuật lãnh đạo,Hòa Nhân,Quản trị - Lãnh đạo,NXB Lao Động,1
gk6fg6mb,FT3 - 21 nguyên tắc vàng của nghệ thuật lãnh đạo,John Maxwell,Quản trị - Lãnh đạo,NXB Lao Động,3
5s0imenq,FT3 - Nhà đào tạo sành sỏi,Đỗ Huân,Quản trị - Lãnh đạo,NXB Lao Động,1
p6fhatxx,FT3 - Kim Cương trong mỏ vàng,John C. Maxwell,Quản trị - Lãnh đạo,NXB Lao Động - Xã Hội,1
xh045ik5,FT3 - Cuốn sách nhỏ cho nhà lãnh đạo lớn,John C. Maxwell,Quản trị - Lãnh đạo,NXB Lao Động - Xã Hội,1
4ko7lohh,FT3 - Bạn không thể đổi hướng gió nhưng có thể điều khiển cánh buồm,NIC Peeling,Quản trị - Lãnh đạo,NXB Lao Động - Xã Hội,1
apkwef7o,FT3 - 25 nghệ thuật đắc nhân tâm,John C. Maxwell,Quản trị - Lãnh đạo,NXB Lao Động - Xã Hội,1
4gq2hrbl,FT3 - Học từ vấp ngã để từng bước thành công,John C. Maxwell,Quản trị - Lãnh đạo,NXB Dân Trí,1
5o1kq0pa,FT3 - Tinh hoa lãnh đạo,John C. Maxwell,Quản trị - Lãnh đạo,NXB Lao Động,1
6z5wpu8q,FT3 - Nhà lãnh đạo 360⁰ - The 360⁰ Leader,John C. Maxwell,Quản trị - Lãnh đạo,NXB Lao Động - Xã Hội,2
bcubxdwu,FT3 - Phát triển kỹ năng lãnh đạo,John C. Maxwell,Quản trị - Lãnh đạo,NXB Lao Động - Xã Hội,2
07ubm3he,FT3 - Nhân tố đột phá,John C. Maxwell,Quản trị - Lãnh đạo,NXB Lao Động - Xã Hội,1
4weh07ds,FT3 - Hành trình tới thành công,John C. Maxwell,Quản trị - Lãnh đạo,NXB Lao Động - Xã Hội,1
gorlretl,FT3 - 21 phẩm chất của nhà lãnh đạo,John C. Maxwell,Quản trị - Lãnh đạo,NXB Lao Động - Xã Hội,1
oh6pq2he,FT3 - 17 nguyên tắc vàng trong làm việc nhóm,John C. Maxwell,Quản trị - Lãnh đạo,NXB Lao Động - Xã Hội,1
mns9ot50,FT3 - Quản lý 80/20,Richard Koch,Quản trị - Lãnh đạo,NXB Lao Động - Xã Hội,1
9nhvkb1p,FT3 - Nghệ thuật giữ chân nhân viên giỏi,J. Leslie McKeown,Quản trị - Lãnh đạo,NXB Lao Động - Xã Hội,1
9beqcosk,FT3 - Động lực chèo lái hành vi,Daniel H.Pink,Quản trị - Lãnh đạo,NXB Lao Động - Xã Hội,1
00gse5e1,FT3 - Bí quyết dùng người,Tạ Ngọc Ái,Quản trị - Lãnh đạo,NXB Hồng Đức,1
3oi8grbw,FT3 - Từ tốt đến vĩ đại,Jim Collins,Quản trị - Lãnh đạo,NXB Trẻ,1
4sh3xac2,FT3 - Tư duy nhanh và chậm,Daniel Kahneman,Quản trị - Lãnh đạo,NXB Thế giới,1
v7tyiurl,FT3 - Những nhà lãnh đạo vĩ đại,John Baldoni,Quản trị - Lãnh đạo,NXB Tổng hợp Tp.HCM,1
7ch93b3l,FT3 - 25 quy luật vàng dành cho nhà quản lý doanh nghiệp toàn cầu,William E. Heinecke & Johnathan Marsh,Quản trị - Lãnh đạo,NXB Trẻ,1
v53kv90v,FT3 - Ươm mầm tài năng lãnh đạo,Robert M. Fulmer & Jay A. Conger,Quản trị - Lãnh đạo,NXB Trí Thức,1
u8qx6dpt,FT3 - 7 thái độ quyết định thành công,Thống Nhất (Biên soạn),Quản trị - Lãnh đạo,NXB Văn Hóa - Thông tin,1
o4kkwb02,FT3 - 12 nhân tố quản lý hiệu quả,Rodd Wagner & James K. Hartẻ,Quản trị - Lãnh đạo,NXB Lao Động,1
wjc01nlm,FT3 - 103 sai lầm mà người quản lý hay mắc phải,Hoàng Mai - Minh Lâm (Tổng hợp - Biên soạn),Quản trị - Lãnh đạo,NXB Văn Hóa - Thông tin,1
0a3yk7or,FT3 - Xây dựng quan hệ để thành công trong sự nghiệp,Diane Darling,Quản trị - Lãnh đạo,NXB Tổng hợp Tp.HCM,1
vthlu2vu,FT3 - Nhân tố GHOSN,Miguel Rivas-Micoud,Quản trị - Lãnh đạo,NXB Tổng hợp Tp.HCM,1
iwr5zlvg,FT3 - Những nguyên tắc của Lombardi,Vince Lombardi Jr.,Quản trị- Lãnh đạo,NXB Tổng hợp Tp.HCM,1
lqslg6t1,FT3 - Lập kế hoạch và tiến hành họp hiệu quả,Barbara J.Streibel,Quản trị - Lãnh đạo,NXB Tổng hợp Tp.HCM,1
fmes4gmu,FT3 - Nguyên tắc Powell,Oren Harari,Quản trị - Lãnh đạo,NXB Tổng hợp Tp.HCM,1
tu2zh06e,FT3 - Thuật lãnh đạo trước mọi tình huống,Danny Cox & John Hoover,Quản trị - Lãnh đạo,NXB Tổng hợp Tp.HCM,2
uxsicmzn,FT3 - Quản lý những thời điểm diễn ra thay đổi,Michael D. Maginn,Quản trị - Lãnh đạo,NXB Tổng hợp Tp.HCM,1
lymep911,FT3 - Phương pháp quản lý hiệu suất công việc,Robert Bacal,Quản trị - Lãnh đạo,NXB Tổng hợp Tp.HCM,1
ky4q94h3,FT3 - Động viên nhân viên,Robert Heller,Quản trị - Lãnh đạo,NXB Tổng hợp Tp.HCM,1
u1huyypb,FT3 - Tài năng thôi chưa đủ,John C. Maxwell,Quản trị - Lãnh đạo,NXB Lao Động - Xã Hội,1
8ikt6chp,FT3 - Một đời quản trị,Phan Văn Trường,Quản trị - Lãnh đạo,NXB Trẻ,1
6tw2lbpd,FT3 - Những nguyên lý quản trị bất biến mọi thời đại,Peter F. Druckers,Quản trị - Lãnh đạo,NXB Tổng hợp TPHCM,1
i4in42xe,FT3 - Tài lãnh đạo 3K,Brad Lomenick,Quản trị - Lãnh đạo,NXB Thế giới,1
75ff1t8r,FT3 - Không phải thiếu may mắn chỉ là chưa cố gắng,2 1/2 Bạn Tốt (Lam Nguyệt dịch),Quản trị - Lãnh đạo,Minh Long Book,1
bdkb5u22,FT3 - Tái sáng tạo về nhân sự,Harvard Business Review,Quản trị - Lãnh đạo,NXB Đại học Kinh tế Quốc Dân,1
r5h5m2s5,FT3 - Quản lý rủi ro,Harvard Business Review,Quản trị - Lãnh đạo,NXB Đại học Kinh tế Quốc Dân,2
o29noebg,FT3 - Chiến lược,Harvard Business Review,Quản trị - Lãnh đạo,NXB Đại học Kinh tế Quốc Dân,1
qw1jwqnf,FT3 - Cá nhân hiệu suất tổ chức hiệu quả,Harvard Business Review,Quản trị - Lãnh đạo,NXB Đại học Kinh tế Quốc Dân,1
yd8bz2jy,FT3 - Biến nhân sự tiềm năng thành tài năng,Harvard Business Review,Quản trị - Lãnh đạo,NXB Đại học Kinh tế Quốc Dân,1
c01qppdd,FT3 - Đưa dự án đến thành công,Harvard Business Review,Quản trị - Lãnh đạo,NXB Công Thương,1
88zhzh75,FT3 - Cái cười cười của thánh nhân,Thu Giang Nguyễn Duy Cần,Quản trị - Lãnh đạo,NXB Trẻ,1
ixl5sfx6,FT3 - Bắt đầu với câu hỏi tại sao,Simon Sinek,Quản trị - Lãnh đạo,NXB Công Thương,1
rv4vquyo,FT3 - Quyền lực đích thực,Thích Nhất Hạnh,Quản trị - Lãnh đạo,NXB Phương Đông,1
c6ylq9a8,FT3 - 7 CÂU HỎI THẦN KỲ CỦA MỌI SẾP GIỎI,Michael Bungay Stanier,Quản trị - Lãnh đạo,NXB Thế Giới,1
uglj5txq,FT3 - Nghệ thuật làm việc tuyệt vời cuả Toyota,Yoshihito Wakamatsu,Quản trị - Lãnh đạo,NXB Phụ nữ Việt Nam,1
039bpemu,FT3 - Nghệ thuật làm việc cho ra kết quả của Toyota,Yoshihito Wakamatsu,Quản trị - Lãnh đạo,NXB Phụ nữ Việt Nam,1
01vexa34,FT3 - Văn hóa doanh nghiệp và sự lãnh đạo,Edgar H.Schein,Quản trị - Lãnh đạo,NXB Thời đại,1
s6ldjbhs,FT3 - Học từ Hành động,Choon Seng Ng Michael Marquardt Peter Cauwelier Shannon Banks,Quản trị - Lãnh đạo,NXB Dân Trí,1
k7k5bxs6,FT3 - 7 Thói Quen Hiệu Quả - The 7 Habits Of Highly Effective People,Stephen R Covey,Quản trị - Lãnh đạo,NXB Tổng Hợp TPHCM,2
4zwey2ng,FT3 - The Speed Of Trust - Sức Mạnh Của Niềm Tin,Stephen M. R. Covey Rebecca R. Merrill,Quản trị - Lãnh đạo,NXB Tổng Hợp TPHCM,1
zrnsn3vk,FT3 - Vượt Ngục Tư Duy - Getting out of the box,The Arbinger Institute,Kỹ năng sống,NXB Tổng Hợp TPHCM,1
9gvp7fdg,FT3 - Chính Bắc - Lãnh Đạo Đích Thực - Discover Your True North,Bill George,Quản trị - Lãnh đạo,NXB Tổng Hợp TPHCM,1
yuhjii3h,FT3 - Quản Trị Bằng Văn Hóa - Pace Books,Giản Tư Trung,Quản trị - Lãnh đạo,NXB Tri Thức,1
tm7lrdzu,FT3 - Khởi nghiệp lãng mạn và thực tế,Đỗ Cao Bảo,Other,NXB Công Thương,1
sxyb281c,FT1 - Lời từ chối hoàn hảo,William Ury,Kỹ năng mềm,NXB Công Thương,3
70718t8x,FT1 - Để hiệu quả trong công việc,Brian Tracy,Kỹ năng mềm,NXB Tổng hợp Thành phố Hồ Chí Minh,1
wjtulff2,FT1 - Thay đổi tí hon hiệu quả bất ngờ,James Clear,Kỹ năng mềm,NXB Thế giới,2
wfah9ha1,FT1 - Không có câu hỏi nào ngớ ngẩn,10 sự thật thú vị,Kỹ năng mềm,NXB thế giới,1
gsiu34zv,FT1 - Vô cùng tàn nhẫn vô cùng yêu thương,Sara Imas,Kỹ năng mềm,NXB Alphabooks,1
hf9v4if2,FT1 - Trí tuệ nhân sinh,Arthur Schopenhauer,Triết học - Tôn giáo - Tâm linh,NXB Văn học,1
xeq4k19m,FT1 - Đại dịch! Tim không đập thình thịch,BS. Trương Hữu Khanh,Y học - Sức khỏe - Thể thao,NXB Văn hóa - văn nghệ tphcm,1
5nwmqte1,FT1 - Phát triển ngôn ngữ từ trong nôi,Phùng Đức Toàn,Tâm lý - Giáo dục,NXB Lao động-Xã hội,1
lo3g3bky,FT1 - Nuôi dạy trẻ: làm sao để không phát điên?,Aki Wakamatsu,Tâm lý - Giáo dục,NXB lao động - xã hội,1
zs4vlhq2,FT1 - Chuyện Làng Phọt 1,Munart Studio,Nghệ thuật - Giải trí,NXB Văn hóa-Văn nghệ TPHCM,1
q8xsdpjw,FT1 - Cuộc chiến vì sức khỏe Hành động & Thành công,Dr. Biswaroop Roy Chowdhury và TS. Nguyễn Hoàng Anh,Y học - Sức khỏe - Thể thao,MXB thông tấn,1
ujzndzzc,FT1 - Chuyện Làng Phọt 2,Munart Studio,Nghệ thuật - Giải trí,NXB Văn hóa-Văn nghệ TPHCM,1
m9dbr502,FT1 - 60 ngày học bí quyết phục hồi bệnh đau đốt sống cổ khớp gối và thắt lưng,Nguyễn Thị Vân Anh,Y học - Sức khỏe - Thể thao,NXB hồng đức,1
6e0bj90d,FT1 - Giáo dục không trừng phạt khuyến khích trẻ tự giác kỷ luật,Thomas Gordon,Tâm lý - Giáo dục,NXB Tri thức,1
al12yx8l,FT1 - Khởi nghiệp bán lẻ,Trần Thanh Phong,Kỹ năng mềm,NXB Đà Nẵng,1
t0ivt9ie,FT1 - Chiếc nôi ươm hạt giống tài năng,GS. Phùng Đức Toàn,Tâm lý - Giáo dục,NXB lao động - xã hội,1
lxbi60wp,FT1 - Làm giàu từ mạng xã hội,Patrice - Anne Rutledge,Kinh tế - Quản trị,NXB Lao Động-Xã Hội,1
i4szuzoq,FT1 - Yêu những điều không hoàn hảo,Hae Min,Tâm lý - Giáo dục,NXB thế giới,1
9b6nye8h,FT1 - Đánh thức con người phi thường,Anthony Robbins,Kỹ năng mềm,NXB Tổng hợp TP. Hồ Chí Minh,1
nsftfdbo,FT1 - Tâm lý thị trường chứng khoán,George Charles Selden,Kinh tế - Quản trị,NXB Kinh Tế TPHCM,1
yu2hhn8z,FT1 - Chiến lược Life List,Edward W.Ryan,Kinh tế - Quản trị,NXB Kinh Tế TPHCM,1
lj2weu8q,FT1 - Đắc nhân tâm,Dale Carnegie,Tâm lý - Giáo dục,NXB thế giới,1
voyvu6aa,FT1 - Phải trái đúng sai,Michael Sandel,Tâm lý - Giáo dục,NXB Trẻ,1
x7s5sd7r,FT1 - Thực hành 7 thói quen của bạn trẻ thành đạt,Sean Covey,Kỹ năng mềm,NXB Tổng hợp TP HCM,1
mcw3u9tm,FT1 - Hạnh phúc là con đường,Tiến sĩ Hà Vĩnh Thọ,Tâm lý - Giáo dục,NXB thế giới,1
pdm3l3ul,FT1 - Tuyệt chiêu quản trị thời gian,Francesco Cirillo,Kỹ năng mềm,NXB Lao động,1
k87waj6y,FT1 - Trẻ em trong gia đình,Sasaki Masami,Tâm lý - Giáo dục,NXB Lao động,1
uefseqj3,FT1 - Nuôi con khoẻ,Naomi Moriyama William Doyle,Tâm lý - Giáo dục,NXB Trẻ,1
7yw0oanh,FT1 - Ngày bất tận và ngân dài từ đó,Nhiều tác giả,Văn học - Tiểu thuyết,MXB Hội Nhà Văn,1
nvampewo,FT1 - Như chim sải cánh,OSHO,Văn học - Tiểu thuyết,NXB hồng đức,1
81l706xq,FT1 - Siêu thủ lĩnh,Lưu Văn Hy,Kỹ năng mềm,NXB Thanh Niên,1
z5a3lnwg,FT1 - Mắt biếc,Nguyễn Nhật Ánh,Văn học - Tiểu thuyết,NXB Trẻ,1
ag827oc2,FT1 - Gieo trồng hạnh phúc,Thích Nhất Hạnh,Tâm lý - Giáo dục,NXB lao động,1
q6rz6otc,FT1 - Giúp con phát triển ngôn ngữ,Kato Kumiko,Tâm lý - Giáo dục,NXB Văn học,1
du499qgf,FT1 - Nghệ thuật trách mắng trẻ,Hồ Anh Quân,Tâm lý - Giáo dục,NXB Văn hóa - Thông tin,1
t8azbz2s,FT1 - Cẩm nang bách thắng marketing trực tiếp,Kennedy,Kinh tế - Quản trị,NXB thế giới,1
1fguvy0x,FT1 - Kỹ năng quản lý thời gian,Jake Knapp John Zeratsky,Học liệu,NXB Lao động,1
8wiit4pj,FT1 - Chuyện Làng Phọt 3,Munart Studio,Nghệ thuật - Giải trí,NXB Thông tin và Truyền thông,1
a13sert3,FT1 - Chuyện Làng Phọt 5,Munart Studio,Nghệ thuật - Giải trí,NXB Thông tin và Truyền thông,1
ipdu8yb1,FT1 - Muốn an được an,Thích Nhất Hạnh,Triết học - Tôn giáo - Tâm linh,NXB Lao động,1
8dsbt8dt,FT1 - Tản mạn về hạnh phúc,Việt Hùng,Tâm lý - Giáo dục,NXB văn hóa - văn nghệ,2
svkilo31,FT1 - Being Buddha at Work,Franz Metcalf BJ Callagher,Triết học - Tôn giáo - Tâm linh,NXB Hồng Đức,2
ddgakf11,FT1 - Tuần làm việc 4 giờ,Timothy Ferriss,Kỹ năng mềm,NXB Công thương,3
my21fydn,FT1 - Đi tìm lẽ sống,Viktor E. Frankl,Tâm lý - Giáo dục,NXB tổng hợp tphcm,1
92zewev6,FT1 - Getting Things Done,David Allen,Kỹ năng mềm,Penguin Books,1
dxfuwf95,FT1 - Vị giám đốc một phút & bí quyết xây dựng nhóm làm việc hiệu quả,Kem Blanchard Ph. D. Donal Carew - Eunice Parisi - Carew,Kỹ năng mềm,NXB tổng hợp tphcm,1
qahb94kx,FT1 - Làm thế nào để sống trọn vẹn 24h mỗi ngày,Arnold Bennett,Kỹ năng mềm,NXB ĐHQG Hà Nội,1
6oudpykd,FT1 - Con tôi đã phát triển tài năng như thế nào?,GS. Phùng Đức Toàn Long Khởi Chí,Tâm lý - Giáo dục,NXB lao động xã hội,1
4r65z8lt,FT1 - Năng lượng tái sinh - Hành trình biến mình thành viên ngọc toả sáng,Lương Sảng,Kỹ năng mềm,NXB Hồng Đức,1
zm091fli,FT1 - Summer Camp Secrets 8,Melissa J.Morgan,Văn học - Tiểu thuyết,USBORNE,1
cavu9vyl,FT1 - Dạy con làm việc nhà,Tatsumi Nagisa,Tâm lý - Giáo dục,NXB tổng hợp tphcm,1
td4pne00,FT1 - Thung lũng SILICON - Những bí mật marketing chưa từng được tiết lộ,Geofrey A.Moore,Kinh tế - Quản trị,NXB Bách Khoa,1
1yuu3x0a,FT1 - Người lớn không khóc,Nhiều tác giả,Văn học - Tiểu thuyết,NXB Văn học,1
ok1pcw2a,FT1 - 100 cách giúp con hạnh phúc,Dr. Timothy Sharp,Tâm lý - Giáo dục,NXB đà nẵng,1
tbygkcim,FT1 - Làm giàu,NAPOLEON HILL,Kinh tế - Quản trị,NXB Lao động - Xã hội,1
kuw4hoqg,FT1 - The E-Myth: Những ngộ nhận về doanh nghiệp,Michael E.Gerber,Kinh tế - Quản trị,NXB Lao Động Xã Hội,1
oawb5pq8,FT1 - Mô hình xoắn động,Tiến sĩ - bác sĩ Vũ Phi Yên,Y học - Sức khỏe - Thể thao,NXB trẻ,1
3llv6pdp,FT1 - Sống và Khát vọng,Trần Đăng Khoa,Kỹ năng mềm,NXB Tổng hợp TPHCM,1
wzwk3tpe,FT1 - Chuyện con ốc sên muốn biết tại sao nó chậm chạp,Luis SePúlVeDa,Hồi ký - Tiểu sử - Tự truyện,NXB Hội Nhà Văn,1
gtcwcwr9,FT1 - Nuôi con không phải cuộc chiến 2,Hachung Lyonnet (Hà Chũn) Hương Đỗ ( mẹ Ong Bông),Tâm lý - Giáo dục,NXB lao động,2
easxn3cn,FT1 - Co-Intelligence: Trí tuệ đồng hành,Ethan Mollick,Kỹ năng mềm,NXB Thế giới,1
1xhw4we1,FT1 - Chuyện con mèo dạy hải âu bay,Luis SePúlVeDa,Hồi ký - Tiểu sử - Tự truyện,NXB Hội Nhà Văn,1
jrbnhyxe,FT1 - Chuyện con mèo và con chuột bạn thân của nó,Luis SePúlVeDa,Hồi ký - Tiểu sử - Tự truyện,NXB Hội Nhà Văn,1
5sdwkqq9,FT1 - Vọng Sài Gòn,Trác Thúy Miên,Lịch sử - Địa lý,NXB hội nhà văn,1
nnqlnxba,FT1 - Khởi nghiệp lãng mạn và thực tế,Đỗ Cao Bảo,Kinh tế - Quản trị,NXB Công thương,1
qdkf4nbo,FT1 - Lớp học hạnh phúc,Meena Srinivasan,Tâm lý - Giáo dục,NXB Hà Nội,1
h4oi8lor,FT1 - Tiếng nói từ kinh nghiệm thực tiễn của 20 lãnh đạo doanh nghiệp quốc tế,Nhiều tác giả,Kinh tế - Quản trị,NXB Trẻ,1
4u453zgw,FT1 - Chưa thử sao biết không thể,Lâm Moon,Hồi ký - Tiểu sử - Tự truyện,NXB Trẻ,1
e38sob6s,FT1 - Kỹ năng đàm phán bậc thầy,Lý Khôn Hằng,Triết học - Tôn giáo - Tâm linh,NXB Dân Trí,1
2x5r7f7s,FT1 - Nhặt lá trong tay bụt,Chân Đoan Nghiêm,Triết học - Tôn giáo - Tâm linh,NXB phụ nữ VN,1
ts335pcp,FT1 - Bí kíp quá giang vào ngân hà,Douglas Adams,Hồi ký - Tiểu sử - Tự truyện,NXB Lao Động,1
0r5va30o,FT1 - Người vô hình,H.G.Wells,Văn học - Tiểu thuyết,NXB Văn học,1
p65gaw7h,FT1 - Tối quyết định sống cho chính tôi,Kim Suhyun,Văn học - Tiểu thuyết,NXB Thanh niên,1
wt29q6yc,FT1 - Tỷ phú bán giày,Tony Hsieh,Kinh tế - Quản trị,NXB công thương,1
gnf6us3j,FT1 - Tiến trình thành nhân,Carl R.Rogers,Tâm lý - Giáo dục,NXB Phụ nữ Việt Nam,1
xp3byam0,FT1 - Dựa vào hơi ấm của em,Cúc Tử,Văn học - Tiểu thuyết,NXB Lao động,1
376l3kkh,FT1 - Kỷ luật làm nên con người,Lý Kiệt,Kỹ năng mềm,NXB thanh niên,1
ql1nyye5,FT1 - Quy tắc số 1,Phil Town,Kinh tế - Quản trị,NXB lao động - xã hội,1
2duetn66,FT1 - Tảng băng tan,John Kotter,Kỹ năng mềm,NXB Hồng Đức,1
impg009h,FT1 - Thao túng tâm lý đám đông chìa khóa vạn năng dẫn đến thành công,Dale Carnegie,Tâm lý - Giáo dục,NXB văn học,1
ppevbw8t,FT1 - Binh pháp Tôn Tử,Tôn Vũ,Tâm lý - Giáo dục,NXB Văn học,1
b5e6opxv,FT1 - Cứ bình tĩnh,Tuệ Nghi,Văn học - Tiểu thuyết,NXB Hà Nội,1
ywabrj2d,FT1 - Đừng để cảm xúc đánh lừa lý trí,Thái Vy,Tâm lý - Giáo dục,NXB thanh niên,1
cjgonb7o,FT1 - Yêu người ngóng núi,Nguyễn Ngọc Tư,Văn học - Tiểu thuyết,NXB Trẻ,1
nrbcwm9n,FT1 - Sức mạnh của vị giám đốc một phút,Ken Blanchard,Văn học - Tiểu thuyết,NXB Tổng hợp TP.HCM,1
v7fmd8db,FT1 - Cánh đồng bất tận,Nguyễn Ngọc Tư,Văn học - Tiểu thuyết,NXB Trẻ,1
ruqnu9my,FT1 - Để con được ốm,Uyên Bùi - BS. Nguyễn Trí Đoàn,Tâm lý - Giáo dục,NXB thế giới,1
kgknk3d8,FT1 - Delivering happiness: Tỷ phú bán giày,Tony Hsiel,Kinh tế - Quản trị,NXB Công thương,1
pkij1rlk,FT1 - Tuổi trẻ hoang dại,Nguyễn Ngọc Thạch,Tâm lý - Giáo dục,NXB Văn Học,1
uxd7mqdg,FT1 - Tâm lý học ứng dụng,Patrick King,Tâm lý - Giáo dục,NXB Lao động,1
0hof2dvy,FT1 - Muôn kiếp nhân sinh,Nguyên Phong,Tâm lý - Giáo dục,NXB Tổng hợp TP HCM,1
e8usv4k9,FT1 - Anne tóc đỏ làng Avonlea,L.M.Montgomery,Văn học - Tiểu thuyết,NXB Hội nhà văn,1
n0jxxx59,FT1 - Những ngôi sao nói gì cho bạn ?,Gary Gold Schneider,Tâm lý - Giáo dục,NXB Lao động,1
b9td1tl2,FT1 - IELTS 10,Cambridge,Ngoại ngữ,NXB thanh hóa,1
fpob4hug,FT1 - Cuốn sách số 1 về tìm việc,Lynn Williams,Kinh tế - Quản trị,NXB Lao Động Xã Hội,1
bz2j2kfi,FT1 - IELTS 11,Cambridge,Ngoại ngữ,NXB thanh hóa,1
lystdxlt,FT1 - IELTS 12,Cambridge,Ngoại ngữ,NXB đà nẵng,1
njzujo9z,FT1 - Phẩm cách cha mẹ,Bando Mariko,Tâm lý - Giáo dục,NXB phụ nữ,1
536ejo3e,FT1 - Hạnh phúc tại tâm,OSHO,Tâm lý - Giáo dục,NXB Hồng Đức,1
3hfb9g0t,FT1 - Quảng cáo theo phong cách Ogilvy,David Ogilvy,Kinh tế - Quản trị,NXB thế giới,2
avzpujsd,FT1 - Chúc một ngày tốt lành,Nguyễn Nhật Ánh,Văn học - Tiểu thuyết,NXB Trẻ,1
uhmxqf40,FT1 - Giao tiếp để bán hàng thành công,Mạc Hạo Kiệt,Kinh tế - Quản trị,NXB Thanh niên,1
bi9sbdma,FT1 - Bạn chỉ sống có một lần,Nhiều tác giả,Tâm lý - Giáo dục,NXB Trẻ,1
sqy5rtjw,FT1 - Ngày xưa có một chuyện tình,Nguyễn Nhật Ánh,Văn học - Tiểu thuyết,NXB Trẻ,1
2rhqzth2,FT1 - Khách hàng muốn mua gì,Michael R.Solomon,Kinh tế - Quản trị,NXB Lao động - Xã hội,1
zmi3rc8u,FT1 - Từ điển đồng nghĩa - trái nghĩa tiếng việt,Bích Hằng và nhóm biên soạn,Học liệu,NXB dân trí,1
62u9t911,FT1 - Dám hạnh phúc,Kishimi Ichiro Koga Fumitake,Tâm lý - Giáo dục,NXB Dân trí,1
1d90qbmd,FT1 - Ung thư không phải là bệnh,Andreas Moritz,Y học - Sức khỏe - Thể thao,NXB Thế giới,1
e2rf3q6w,FT1 - Tài chính dành cho người sợ số,Nhiều tác giả,Kinh tế - Quản trị,NXB lao động,1
j7l0dx5d,FT1 - Cẩm nang hướng dẫn tẩy sỏi gan mật,Andreas Moritz,Y học - Sức khỏe - Thể thao,NXB Thế giới,1
xvrig11e,FT1 - Cách để đạt 1 triệu Follow chỉ trong 30 ngày,Brendan Kane,Kỹ năng mềm,NXB Hồng Đức,1
mfjde9ne,FT1 - Nghe giọng đoán người,Lý Cầm,Kỹ năng mềm,NXB Hồng Đức,1
xf84hckj,FT1 - Trên đường băng,Tony buổi sáng,Tâm lý - Giáo dục,NXB Trẻ,1
es80xxc5,FT1 - Dám bị ghét,Kishimi Ichiro Koga Fumitake,Tâm lý - Giáo dục,NXB Dân trí,1
h5ir9diz,FT1 - Vị giám đốc một phút và con khỉ,Kennrth Blanchard - William Oncken Jr. Hal Burrows,Tâm lý - Giáo dục,NXB tổng hợp tphcm,1
8pny31c3,FT1 - Pháp môn hạnh phúc,Đại Sư Tinh Vân,Tâm lý - Giáo dục,NXB Lao động,1
4b8y8c0u,FT1 - Chiến lược của mẹ thay đổi cuộc đời con,Ibuka Masaru,Tâm lý - Giáo dục,NXB văn học,1
izluwz1e,FT1 - Tiền không phải là vấn đề,Bob Proctor,Tâm lý - Giáo dục,NXB Lao động - Xã hội,1
rxzetvga,FT1 - Bài học làm mẹ,Đại sư Ven. Pomnyun Sunim,Tâm lý - Giáo dục,NXB văn học,1
prm24gsj,FT1 - Nuôi dạy bé trai theo cách mẹ Nhật,Yasuhiro Kozaki,Tâm lý - Giáo dục,NXB Thế giới,1
b3m9wz6x,FT1 - The bullet journal method,Ryder Carroll,Kỹ năng mềm,Penguin Books,1
latyfdhy,FT1 - Nghệ thuật từ chối,Damon Zahariades,Kỹ năng mềm,NXB Hồng Đức,2
kshzstfu,FT1 - Tâm lý học bất thường,Nhiều tác giả,Tâm lý - Giáo dục,NXB Trẻ,1
5w85tolb,FT1 - Ngấu nghiến nghiền ngẫm,Dave Trott,Kỹ năng mềm,NXB văn hóa - văn nghệ,1
ng5uwbdz,FT1 - Tôi là bêto,Nguyễn Nhật Ánh,Hồi ký - Tiểu sử - Tự truyện,NXB trẻ,1
xlb36753,FT1 - Ung thư: sự thật hư cấu gian lận và những phương pháp chữa lành không độc hại,Ty Bollinger,Y học - Sức khỏe - Thể thao,NXB Thế giới,1
375hv4wq,FT1 - Tâm Lý Học Thành Công,Carol S. Dweck,Tâm lý - Giáo dục,NXB Lao Động,1
2op2s9op,FT1 - DEEP WORK,Cal Newport,Kỹ năng mềm,NXB Lao động,1
mfknucba,FT1 - Kỹ Năng Quản Trị Thời Gian,Jake Knapp & John Jeratsky,Kỹ năng mềm,NXB Lao Động,1
4gyhfjj5,FT1 - Nhà Lãnh Đạo Không Chức Danh,Robin Sharma,Kinh tế - Quản trị,NXB Trẻ,1
agdlpand,FT1 - Thách thức sáng tạo,Clayton M.Christensen,Kinh tế - Quản trị,NXB Tổng hợp,1
pu77y7hn,FT1 - Kỹ năng quản trị học tập dành cho Học sinh & Sinh viên,Brian Tracy và Anna Leinberger,Kỹ năng mềm,NXB Thanh Niên,1
cangjb8z,FT1 - Bắt Đầu Với Câu Hỏi Tại Sao,Simon Sinek,Kinh tế - Quản trị,NXB Công Thương,1
hxeq23sl,FT1 - 5 điểm chết trong Teamwork,Patrick Lencioni,Kỹ năng mềm,NXB Tổng hợp TPHCM,1
k5p01ntk,FT1 - Who moved my cheese?,Spencer Johnson M.D.,Kỹ năng mềm,NXB Tổng hợp TPHCM,1
6veexnkk,FT1 - Làm Điều Quan Trọng,John Doerr,Kinh tế - Quản trị,NXB Tổng Hợp Thành Phố Hồ Chí Minh,1
8xsc329v,FT1 - Nghệ thuật đàm phán đỉnh cao,Kerry Patterson Joseph Grenny Ron Mcmillan Al Switzler,Kỹ năng mềm,NXB Công thương,1
5r0u2mmp,FT1 - 7 Thói Quen Hiệu Quả,Stephen R. Covey,Kỹ năng mềm,NXB Tổng Hợp Thành Phố Hồ Chí Minh,1
